office,funding_year,start_page,status,banner_status,record_count,rows_quarantined,records_checked,dollars_checked,dollars_unchecked,amount_parse_failures,pages_skipped
CHAIRMAN MAJORITY CONFERENCE COMMITTEE (D),2013,17,ok,banner_missing,0,0,0,0.0,0.0,0,0
CHAIRMAN MAJORITY CONFERENCE COMMITTEE (D),2014,18,ok,banner_missing,0,0,0,0.0,0.0,0,0
CHAIRMAN MINORITY CONFERENCE COMMITTEE (D),2015,19,ok,fail,0,0,0,0.0,0.0,0,0
CHAIRMAN MAJORITY POLICY COMMITTEE (D),2013,20,ok,banner_missing,0,0,0,0.0,0.0,0,0
CHAIRMAN MAJORITY POLICY COMMITTEE (D),2014,21,ok,banner_missing,0,0,0,0.0,0.0,0,0
CHAIRMAN MINORITY POLICY COMMITTEE (D),2015,22,ok,banner_missing,0,0,0,0.0,0.0,0,0
MAJORITY LEADER (D),2013,23,ok,banner_missing,0,0,0,0.0,0.0,0,0
MAJORITY LEADER (D),2014,24,ok,banner_missing,0,0,0,0.0,0.0,0,0
MINORITY LEADER (D),2015,25,ok,fail,1,0,1,275.0,0.0,0,0
MAJORITY WHIP (D),2013,26,ok,banner_missing,0,0,0,0.0,0.0,0,0
MAJORITY WHIP (D),2014,27,ok,banner_missing,0,0,0,0.0,0.0,0,0
MINORITY WHIP (D),2015,28,ok,fail,0,0,0,0.0,0.0,0,0
OFFICE OF THE VICE PRESIDENT (D) - BIDEN,2013,29,ok,banner_missing,0,0,0,0.0,0.0,0,0
OFFICE OF THE VICE PRESIDENT (D) - BIDEN,2014,30,ok,banner_missing,0,0,0,0.0,0.0,0,0
OFFICE OF THE VICE PRESIDENT (D) - BIDEN,2015,31,ok,banner_missing,0,0,0,0.0,0.0,0,0
PRESIDENT PRO TEMPORE (D),2013,32,ok,banner_missing,0,0,0,0.0,0.0,0,0
PRESIDENT PRO TEMPORE (D),2014,33,ok,banner_missing,0,0,0,0.0,0.0,0,0
PRESIDENT PRO TEMPORE (D),2015,34,ok,banner_missing,0,0,0,0.0,0.0,0,0
PRESIDENT PRO TEMPORE (R),2015,35,ok,fail,2,0,2,2768.39,0.0,0,0
MINORITY LEADER (R),2013,36,ok,banner_missing,0,0,0,0.0,0.0,0,0
MINORITY LEADER (R),2014,37,ok,banner_missing,0,0,0,0.0,0.0,0,0
MAJORITY LEADER (R),2015,38,ok,fail,0,0,0,0.0,0.0,0,0
MINORITY WHIP (R),2013,39,ok,banner_missing,0,0,0,0.0,0.0,0,0
MINORITY WHIP (R),2014,40,ok,banner_missing,0,0,0,0.0,0.0,0,0
MAJORITY WHIP (R),2015,41,ok,fail,0,0,0,0.0,0.0,0,0
CHAIRMAN MINORITY CONFERENCE COMMITTEE (R),2013,42,ok,banner_missing,0,0,0,0.0,0.0,0,0
CHAIRMAN MINORITY CONFERENCE COMMITTEE (R),2014,43,ok,banner_missing,0,0,0,0.0,0.0,0,0
CHAIRMAN MAJORITY CONFERENCE COMMITTEE (R),2015,44,ok,fail,0,0,0,0.0,0.0,0,0
CHAIRMAN MINORITY POLICY COMMITTEE (R),2013,45,ok,banner_missing,0,0,0,0.0,0.0,0,0
CHAIRMAN MINORITY POLICY COMMITTEE (R),2014,46,ok,banner_missing,0,0,0,0.0,0.0,0,0
CHAIRMAN MAJORITY POLICY COMMITTEE (R),2015,47,ok,fail,0,0,0,0.0,0.0,0,0
MAJORITY LEADER (D),2013,48,ok,banner_missing,0,0,0,0.0,0.0,0,0
MAJORITY LEADER (D),2014,49,ok,banner_missing,0,0,0,0.0,0.0,0,0
MINORITY LEADER (D),2015,50,ok,banner_missing,0,0,0,0.0,0.0,0,0
MINORITY LEADER (R),2013,51,ok,banner_missing,0,0,0,0.0,0.0,0,0
MINORITY LEADER (R),2014,52,ok,banner_missing,0,0,0,0.0,0.0,0,0
MAJORITY LEADER (R),2015,53,ok,banner_missing,0,0,0,0.0,0.0,0,0
APPROPRIATIONS,2013,54,ok,banner_missing,0,0,0,0.0,0.0,0,0
APPROPRIATIONS,2014,55,ok,banner_missing,0,0,0,0.0,0.0,0,0
APPROPRIATIONS,2015,56,ok,ok,113,0,113,6587733.62,0.0,0,0
CHAPLAIN,2013,59,ok,fail,0,0,0,0.0,0.0,0,0
CHAPLAIN,2014,60,ok,fail,0,0,0,0.0,0.0,0,0
CHAPLAIN,2015,61,fail,fail,4,0,4,216349.8,0.0,0,0
MAJORITY CONFERENCE COMMITTEE (D),2013,62,ok,banner_missing,0,0,0,0.0,0.0,0,0
MAJORITY CONFERENCE COMMITTEE (D),2014,63,ok,banner_missing,0,0,0,0.0,0.0,0,0
MINORITY CONFERENCE COMMITTEE (D),2015,64,ok,ok,34,0,34,869540.59,0.0,0,0
MAJORITY POLICY COMMITTEE (D),2013,66,ok,banner_missing,0,0,0,0.0,0.0,0,0
MAJORITY POLICY COMMITTEE (D),2014,67,ok,banner_missing,0,0,0,0.0,0.0,0,0
MINORITY POLICY COMMITTEE (D),2015,68,ok,ok,23,0,23,790278.17,0.0,0,0
MAJORITY LEADER (D),2013,69,ok,banner_missing,0,0,0,0.0,0.0,0,0
MAJORITY LEADER (D),2014,70,ok,banner_missing,0,0,0,0.0,0.0,0,0
MINORITY LEADER (D),2015,71,fail,fail,34,0,34,1328515.73,0.0,0,0
"SECRETARY, MAJORITY CONFERENCE COMM (D)",2013,73,ok,banner_missing,0,0,0,0.0,0.0,0,0
"SECRETARY, MAJORITY CONFERENCE COMM (D)",2014,74,ok,banner_missing,0,0,0,0.0,0.0,0,0
"SECRETARY, MINORITY CONFERENCE COMM (D)",2015,75,ok,ok,4,0,4,160729.32,0.0,0,0
MAJORITY WHIP (D),2013,76,ok,banner_missing,0,0,0,0.0,0.0,0,0
MAJORITY WHIP (D),2014,77,ok,banner_missing,0,0,0,0.0,0.0,0,0
MINORITY WHIP (D),2015,78,ok,ok,29,0,29,870897.11,0.0,0,0
OFFICE OF THE VICE PRESIDENT (D) - BIDEN,2013,79,ok,banner_missing,0,0,0,0.0,0.0,0,0
OFFICE OF THE VICE PRESIDENT (D) - BIDEN,2014,80,ok,banner_missing,0,0,0,0.0,0.0,0,0
OFFICE OF THE VICE PRESIDENT (D) - BIDEN,2015,81,ok,ok,36,0,36,1113151.1,0.0,0,0
PRESIDENT PRO TEMPORE (D),2013,83,ok,banner_missing,0,0,0,0.0,0.0,0,0
PRESIDENT PRO TEMPORE (D),2014,84,ok,banner_missing,0,0,0,0.0,0.0,0,0
PRESIDENT PRO TEMPORE (D),2015,85,ok,banner_missing,0,0,0,0.0,0.0,0,0
PRESIDENT PRO TEMPORE (R),2015,86,ok,ok,38,0,38,388615.59,0.0,0,0
MINORITY LEADER (R),2013,88,ok,banner_missing,0,0,0,0.0,0.0,0,0
MINORITY LEADER (R),2014,89,ok,banner_missing,0,0,0,0.0,0.0,0,0
,2015,90,ok,ok,22,0,22,968774.22,0.0,0,0
"SECRETARY, MINORITY CONFERENCE COMM (R)",2013,91,ok,banner_missing,0,0,0,0.0,0.0,0,0
"SECRETARY, MINORITY CONFERENCE COMM (R)",2014,92,ok,banner_missing,0,0,0,0.0,0.0,0,0
"SECRETARY, MAJORITY CONFERENCE COMM (R)",2015,93,ok,ok,8,0,8,175040.6,0.0,0,0
MINORITY WHIP (R),2013,94,ok,banner_missing,0,0,0,0.0,0.0,0,0
MINORITY WHIP (R),2014,95,ok,banner_missing,0,0,0,0.0,0.0,0,0
MAJORITY WHIP (R),2015,96,ok,ok,9,0,9,387399.53,0.0,0,0
MINORITY CONFERENCE COMMITTEE (R),2013,97,ok,banner_missing,0,0,0,0.0,0.0,0,0
MINORITY CONFERENCE COMMITTEE (R),2014,98,ok,banner_missing,0,0,0,0.0,0.0,0,0
,2015,99,ok,ok,20,0,20,696631.77,0.0,0,0
MINORITY POLICY COMMITTEE (R),2013,100,ok,banner_missing,0,0,0,0.0,0.0,0,0
MINORITY POLICY COMMITTEE (R),2014,101,ok,banner_missing,0,0,0,0.0,0.0,0,0
MAJORITY POLICY COMMITTEE (R),2015,102,ok,ok,23,0,23,848182.05,0.0,0,0
SECRETARY FOR THE MAJORITY (D),2013,103,ok,banner_missing,0,0,0,0.0,0.0,0,0
SECRETARY FOR THE MAJORITY (D),2014,104,ok,banner_missing,0,0,0,0.0,0.0,0,0
SECRETARY FOR THE MINORITY (D),2015,105,ok,ok,12,0,12,447002.43,0.0,0,0
SECRETARY FOR THE MINORITY (R),2013,106,ok,banner_missing,0,0,0,0.0,0.0,0,0
SECRETARY FOR THE MINORITY (R),2014,107,ok,banner_missing,0,0,0,0.0,0.0,0,0
SECRETARY FOR THE MAJORITY (R),2015,108,ok,ok,13,0,13,431213.83,0.0,0,0
SGT @ ARMS - CENTRAL OPERATIONS,2013,109,ok,banner_missing,0,0,0,0.0,0.0,0,0
SGT @ ARMS - CAPITOL DIVISION,2013,110,ok,banner_missing,0,0,0,0.0,0.0,0,0
SGT @ ARMS - IT SUPPORT SERVICES,2013,111,ok,banner_missing,0,0,0,0.0,0.0,0,0
SGT @ ARMS - STAFF OFFICES,2013,112,ok,banner_missing,0,0,0,0.0,0.0,0,0
SGT @ ARMS - TECHNOLOGY DEVELOPMENT SERVICES,2013,113,ok,banner_missing,0,0,0,0.0,0.0,0,0
SGT @ ARMS - CENTRAL OPERATIONS,2014,114,ok,banner_missing,0,0,0,0.0,0.0,0,0
SGT @ ARMS - CAPITOL DIVISION,2014,115,ok,banner_missing,0,0,0,0.0,0.0,0,0
SGT @ ARMS - IT SUPPORT SERVICES,2014,116,ok,banner_missing,0,0,0,0.0,0.0,0,0
SGT @ ARMS - STAFF OFFICES,2014,117,ok,banner_missing,0,0,0,0.0,0.0,0,0
SGT @ ARMS - CENTRAL OPERATIONS,2015,118,ok,ok,332,0,332,9787623.77,0.0,0,0
SGT @ ARMS - CAPITOL DIVISION,2015,124,fail,fail,341,341,341,7743427.43,0.0,0,0
SGT @ ARMS - IT SUPPORT SERVICES,2015,131,ok,ok,94,0,94,3621761.78,0.0,0,0
SGT @ ARMS - STAFF OFFICES,2015,134,ok,ok,121,0,121,4870381.92,0.0,0,0
SECRETARY OF THE SENATE - ADMINISTRATIVE SERV.,2013,137,ok,banner_missing,0,0,0,0.0,0.0,0,0
SECRETARY OF THE SENATE - EXECUTIVE OFFICE,2013,138,ok,banner_missing,0,0,0,0.0,0.0,0,0
SECRETARY OF THE SENATE - LEGISLATIVE SERVICES,2013,139,ok,banner_missing,0,0,0,0.0,0.0,0,0
SECRETARY OF THE SENATE - ADMINISTRATIVE SERV.,2014,140,ok,banner_missing,0,0,0,0.0,0.0,0,0
SECRETARY OF THE SENATE - EXECUTIVE OFFICE,2014,141,ok,banner_missing,0,0,0,0.0,0.0,0,0
SECRETARY OF THE SENATE - LEGISLATIVE SERVICES,2014,142,ok,banner_missing,0,0,0,0.0,0.0,0,0
"WORKERS COMPENSATION FUND (P.L. 113-76, DIV. I, SEC. 1. CA)",2014,143,ok,banner_missing,0,0,0,0.0,0.0,0,0
SECRETARY OF THE SENATE - ADMINISTRATIVE SERV.,2015,144,ok,ok,160,0,160,6218785.55,0.0,0,0
SECRETARY OF THE SENATE - EXECUTIVE OFFICE,2015,148,ok,ok,50,0,50,1640987.68,0.0,0,0
SECRETARY OF THE SENATE - LEGISLATIVE SERVICES,2015,150,ok,ok,46,0,46,2483761.41,0.0,0,0
SGT @ ARMS - TECHNOLOGY DEVELOPMENT SERVICES,2014,152,ok,banner_missing,0,0,0,0.0,0.0,0,0
SGT @ ARMS - TECHNOLOGY DEVELOPMENT SERVICES,2015,153,fail,fail,140,0,140,7541955.07,0.0,0,0
APPROPRIATIONS,,156,ok,banner_missing,0,0,0,0.0,0.0,0,0
APPROPRIATIONS,,157,ok,fail,93,0,93,60043.07,0.0,0,0
APPROPRIATIONS,,160,ok,banner_missing,0,0,0,0.0,0.0,0,0
APPROPRIATIONS,,161,ok,fail,9,0,9,533.3,0.0,0,0
CHAPLAIN,,162,ok,banner_missing,0,0,0,0.0,0.0,0,0
CHAPLAIN,,163,ok,fail,0,0,0,0.0,0.0,0,0
CHAPLAIN,,164,ok,fail,9,0,9,2197.6,0.0,0,0
CHAPLAIN,,165,ok,fail,9,0,9,1182.03,0.0,0,0
MAJORITY CONFERENCE COMMITTEE (D),,166,ok,banner_missing,0,0,0,0.0,0.0,0,0
MAJORITY CONFERENCE COMMITTEE (D),2013,167,ok,banner_missing,0,0,0,0.0,0.0,0,0
MAJORITY CONFERENCE COMMITTEE (D),,168,ok,banner_missing,0,0,0,0.0,0.0,0,0
MAJORITY CONFERENCE COMMITTEE (D),2014,169,ok,banner_missing,0,0,0,0.0,0.0,0,0
MAJORITY CONFERENCE COMMITTEE (D),,170,ok,banner_missing,0,0,0,0.0,0.0,0,0
MINORITY CONFERENCE COMMITTEE (D),,171,ok,fail,28,0,28,13112.89,0.0,0,0
MAJORITY POLICY COMMITTEE (D),,173,ok,banner_missing,0,0,0,0.0,0.0,0,0
MAJORITY POLICY COMMITTEE (D),2013,174,ok,banner_missing,0,0,0,0.0,0.0,0,0
MAJORITY POLICY COMMITTEE (D),,175,ok,banner_missing,0,0,0,0.0,0.0,0,0
MAJORITY POLICY COMMITTEE (D),2014,176,ok,banner_missing,1,0,1,20300.76,0.0,0,0
MAJORITY POLICY COMMITTEE (D),,177,ok,banner_missing,0,0,0,0.0,0.0,0,0
MINORITY POLICY COMMITTEE (D),2015,178,ok,banner_missing,0,0,0,0.0,0.0,0,0
MINORITY POLICY COMMITTEE (D),,179,ok,fail,33,0,33,13195.47,0.0,0,0
MAJORITY LEADER (D),2013,181,ok,banner_missing,0,0,0,0.0,0.0,0,0
MAJORITY LEADER (D),2014,182,ok,banner_missing,2,0,2,9575.24,0.0,0,0
MINORITY LEADER (D),2015,183,ok,banner_missing,0,0,0,0.0,0.0,0,0
MAJORITY WHIP (D),2014,184,ok,banner_missing,0,0,0,0.0,0.0,0,0
MINORITY LEADER (R),2013,185,ok,banner_missing,0,0,0,0.0,0.0,0,0
MINORITY LEADER (R),2014,186,ok,banner_missing,0,0,0,0.0,0.0,0,0
,2015,187,ok,fail,8,0,8,1738.5,0.0,0,0
"SECRETARY, MINORITY CONFERENCE COMM (R)",2013,188,ok,banner_missing,0,0,0,0.0,0.0,0,0
MINORITY WHIP (R),2013,189,ok,banner_missing,0,0,0,0.0,0.0,0,0
MINORITY WHIP (R),2014,190,ok,fail,0,0,0,0.0,0.0,0,0
MAJORITY WHIP (R),2015,191,ok,fail,5,0,5,1172.47,0.0,0,0
MINORITY CONFERENCE COMMITTEE (R),,192,ok,banner_missing,0,0,0,0.0,0.0,0,0
MINORITY CONFERENCE COMMITTEE (R),,193,ok,banner_missing,0,0,0,0.0,0.0,0,0
MINORITY CONFERENCE COMMITTEE (R),,194,ok,fail,5,0,5,1244.1,0.0,0,0
MAJORITY CONFERENCE COMMITTEE (R),,195,ok,fail,26,0,26,14747.95,0.0,0,0
MINORITY POLICY COMMITTEE (R),,197,ok,banner_missing,0,0,0,0.0,0.0,0,0
MINORITY POLICY COMMITTEE (R),,198,ok,banner_missing,0,0,0,0.0,0.0,0,0
MINORITY POLICY COMMITTEE (R),,199,ok,fail,0,0,0,0.0,0.0,0,0
ORITY POLICY COMMITTEE (R),,200,ok,fail,11,0,11,1941.2,0.0,0,0
SECRETARY FOR THE MAJORITY (R),2015,201,ok,fail,0,0,0,0.0,0.0,0,0
SENATE CHILD CARE CENTER,,202,ok,banner_missing,0,0,0,0.0,0.0,0,0
SENATE CHILD CARE CENTER,,203,ok,ok,33,0,33,11778.89,0.0,0,0
SENATE CHILD CARE CENTER,,205,ok,ok,4,0,4,1940.72,0.0,0,0
SENATE CHILD CARE CENTER,,206,ok,ok,0,0,0,0.0,0.0,0,0
CONSULTANTS,,207,ok,banner_missing,0,0,0,0.0,0.0,0,0
CONSULTANTS,,208,ok,banner_missing,0,0,0,0.0,0.0,0,0
CONSULTANTS,,209,ok,ok,0,0,0,0.0,0.0,0,0
,,210,ok,ok,25,0,25,1834581.12,0.0,0,0
EMPLOYEE COMPENSATION FUND,,211,ok,banner_missing,0,0,0,0.0,0.0,0,0
EMPLOYEE COMPENSATION FUND,,212,ok,banner_missing,0,0,0,0.0,0.0,0,0
EMPLOYEE COMPENSATION FUND,,213,ok,banner_missing,0,0,0,0.0,0.0,0,0
EMPLOYEE COMPENSATION FUND,,214,ok,banner_missing,0,0,0,0.0,0.0,0,0
FEDERAL EMPLOYEES COMPENSATION ACCOUNT,,215,ok,banner_missing,0,0,0,0.0,0.0,0,0
FEDERAL EMPLOYEES COMPENSATION ACCOUNT,,216,ok,ok,0,0,0,0.0,0.0,0,0
FEDERAL EMPLOYEES COMPENSATION ACCOUNT,,217,ok,banner_missing,0,0,0,0.0,0.0,0,0
FEDERAL EMPLOYEES COMPENSATION ACCOUNT,,218,ok,banner_missing,0,0,0,0.0,0.0,0,0
FOREIGN TRAVEL - MEMBERS & EMPLOYEES,,219,ok,banner_missing,0,0,0,0.0,0.0,0,0
FOREIGN TRAVEL - MEMBERS & EMPLOYEES,,220,ok,banner_missing,1,0,1,118.0,0.0,0,0
FOREIGN TRAVEL - MEMBERS & EMPLOYEES,,221,ok,banner_missing,1,0,1,335.0,0.0,0,0
FOREIGN TRAVEL - MEMBERS & EMPLOYEES,,222,ok,banner_missing,1,0,1,614.0,0.0,0,0
POSTAGE,,223,ok,banner_missing,0,0,0,0.0,0.0,0,0
POSTAGE,,224,ok,banner_missing,0,0,0,0.0,0.0,0,0
POSTAGE,,225,ok,banner_missing,0,0,0,0.0,0.0,0,0
POSTAGE,,226,ok,banner_missing,0,0,0,0.0,0.0,0,0
MOBILE COMMUNICATIONS DEVICES,,227,ok,banner_missing,0,0,0,0.0,0.0,0,0
MOBILE COMMUNICATIONS DEVICES,,228,ok,banner_missing,0,0,0,0.0,0.0,0,0
MOBILE COMMUNICATIONS DEVICES,,229,ok,banner_missing,0,0,0,0.0,0.0,0,0
MOBILE COMMUNICATIONS DEVICES,,230,ok,fail,1,0,1,450.48,0.0,0,0
RESERVE FOR CONTINGENCIES,,231,ok,banner_missing,0,0,0,0.0,0.0,0,0
RESERVE FOR CONTINGENCIES,,232,ok,ok,0,0,0,0.0,0.0,0,0
RESERVE FOR CONTINGENCIES,,233,ok,banner_missing,1,0,1,439138.57,0.0,0,0
RESERVE FOR CONTINGENCIES,,234,ok,fail,10,0,10,356152.98,0.0,0,0
RECEPTION OF FOREIGN DIGNITARIES,,235,ok,banner_missing,0,0,0,0.0,0.0,0,0
RECEPTION OF FOREIGN DIGNITARIES,,236,ok,banner_missing,12,0,12,4014.0,0.0,0,0
RECEPTION OF FOREIGN DIGNITARIES,,237,ok,banner_missing,0,0,0,0.0,0.0,0,0
RECEPTION OF FOREIGN DIGNITARIES,,238,ok,banner_missing,0,0,0,0.0,0.0,0,0
RESOLUTION & REORGANIZATION RESERVE,,239,ok,banner_missing,0,0,0,0.0,0.0,0,0
RESOLUTION & REORGANIZATION RESERVE,,240,ok,banner_missing,0,0,0,0.0,0.0,0,0
RESOLUTION & REORGANIZATION RESERVE,,241,fail,fail,0,0,0,0.0,0.0,0,0
RESOLUTION & REORGANIZATION RESERVE,,242,fail,fail,55,52,55,356901.53,0.0,0,0
JOINT SELECT COMMITTEE ON DEFICIT REDUCTION,,244,ok,banner_missing,0,0,0,0.0,0.0,0,0
NATL SECURITY WORKING GRP-MAJ ADMIN CO-CHAIR (KERRY),,245,ok,banner_missing,0,0,0,0.0,0.0,0,0
NATL SECURITY WORKING GRP-MAJ ADMIN CO-CHAIR (FEINSTEIN),,246,ok,banner_missing,0,0,0,0.0,0.0,0,0
NATL SECURITY WORKING GRP-MAJ ADMIN CO-CHAIR (FEINSTEIN),,247,ok,banner_missing,0,0,0,0.0,0.0,0,0
NATL SECURITY WORKING GRP-MIN ADMIN CO-CHAIR (FEINSTEIN),,248,ok,banner_missing,0,0,0,0.0,0.0,0,0
NATL SECURITY WORKING GRP-MAJ CO-CHAIR (LEVIN),,249,ok,banner_missing,0,0,0,0.0,0.0,0,0
NATL SECURITY WORKING GRP-MAJ CO-CHAIR (LEVIN),,250,ok,banner_missing,0,0,0,0.0,0.0,0,0
NATL SECURITY WORKING GRP-MAJ CO-CHAIR (LEVIN),,251,ok,banner_missing,0,0,0,0.0,0.0,0,0
NATL SECURITY WORKING GRP-MIN CO-CHAIR (LEVIN),,252,ok,banner_missing,0,0,0,0.0,0.0,0,0
NATL SECURITY WORKING GRP-MAJ CO-CHAIR (INOUYE),,253,ok,banner_missing,0,0,0,0.0,0.0,0,0
NATL SECURITY WORKING GRP-MAJ CO-CHAIR (MIKULSKI),,254,ok,banner_missing,0,0,0,0.0,0.0,0,0
NATL SECURITY WORKING GRP-MAJ CO-CHAIR (MIKULSKI),,255,ok,banner_missing,0,0,0,0.0,0.0,0,0
NATL SECURITY WORKING GRP-MIN CO-CHAIR (MIKULSKI),,256,ok,banner_missing,0,0,0,0.0,0.0,0,0
NATL SECURITY WORKING GRP-MAJ CO-CHAIR (MENENDEZ),,257,ok,banner_missing,0,0,0,0.0,0.0,0,0
NATL SECURITY WORKING GRP-MAJ CO-CHAIR (MENENDEZ),,258,ok,banner_missing,0,0,0,0.0,0.0,0,0
NATL SECURITY WORKING GRP-MAJ CO-CHAIR (MENENDEZ),,259,ok,banner_missing,0,0,0,0.0,0.0,0,0
NATL SECURITY WORKING GRP-MIN CO-CHAIR (MENENDEZ),,260,ok,fail,0,0,0,0.0,0.0,0,0
NATL SECURITY WORKING GRP-MAJ LEADER (REID),,261,ok,banner_missing,0,0,0,0.0,0.0,0,0
NATL SECURITY WORKING GRP-MAJ LEADER (REID),,262,ok,banner_missing,0,0,0,0.0,0.0,0,0
NATL SECURITY WORKING GRP-MAJ LEADER (REID),,263,ok,banner_missing,0,0,0,0.0,0.0,0,0
NATL SECURITY WORKING GRP-MIN LEADER (REID),,264,ok,fail,0,0,0,0.0,0.0,0,0
NATL SECURITY WORKING GRP-MIN ADMIN CO-CHAIR (KYL),,265,ok,banner_missing,0,0,0,0.0,0.0,0,0
NATL SECURITY WORKING GRP-MIN ADMIN CO-CHAIR (RUBIO),,266,ok,banner_missing,0,0,0,0.0,0.0,0,0
NATL SECURITY WORKING GRP-MIN ADMIN CO-CHAIR (RUBIO),,267,ok,banner_missing,0,0,0,0.0,0.0,0,0
NATL SECURITY WORKING GRP-MAJ ADMIN CO-CHAIR (RUBIO),,268,ok,fail,0,0,0,0.0,0.0,0,0
NATL SECURITY WORKING GRP-MIN CO-CHAIR (L. GRAHAM),,269,ok,banner_missing,0,0,0,0.0,0.0,0,0
NATL SECURITY WORKING GRP-MIN CO-CHAIR (L. GRAHAM),,270,ok,banner_missing,0,0,0,0.0,0.0,0,0
NATL SECURITY WORKING GRP-MIN CO-CHAIR (L. GRAHAM),,271,ok,banner_missing,0,0,0,0.0,0.0,0,0
NATL SECURITY WORKING GRP-MAJ CO-CHAIR (L. GRAHAM),,272,ok,fail,0,0,0,0.0,0.0,0,0
NATL SECURITY WORKING GRP-MIN CO-CHAIR (COCHRAN),,273,ok,banner_missing,0,0,0,0.0,0.0,0,0
NATL SECURITY WORKING GRP-MIN CO-CHAIR (COCHRAN),,274,ok,banner_missing,0,0,0,0.0,0.0,0,0
NATL SECURITY WORKING GRP-MIN CO-CHAIR (COCHRAN),,275,ok,banner_missing,0,0,0,0.0,0.0,0,0
NATL SECURITY WORKING GRP-MAJ CO-CHAIR (COCHRAN),,276,ok,fail,0,0,0,0.0,0.0,0,0
NATL SECURITY WORKING GRP-MAJ CO-CHAIR (SESSIONS),,277,ok,fail,0,0,0,0.0,0.0,0,0
NATL SECURITY WORKING GRP-MIN LEADER (MCCONNELL),,278,ok,banner_missing,0,0,0,0.0,0.0,0,0
NATL SECURITY WORKING GRP-MIN LEADER (MCCONNELL),,279,ok,banner_missing,0,0,0,0.0,0.0,0,0
NATL SECURITY WORKING GRP-MIN LEADER (MCCONNELL),,280,ok,banner_missing,0,0,0,0.0,0.0,0,0
NATL SECURITY WORKING GRP-MAJ LEADER (MCCONNELL),,281,ok,banner_missing,0,0,0,0.0,0.0,0,0
STATIONERY,,282,ok,fail,0,0,0,0.0,0.0,0,0
STATIONERY,,283,ok,banner_missing,0,0,0,0.0,0.0,0,0
STATIONERY,,284,ok,banner_missing,0,0,0,0.0,0.0,0,0
STATIONERY,,285,ok,fail,0,0,0,0.0,0.0,0,0
MISC ITEMS - STUDENT LOANS,,286,ok,banner_missing,0,0,0,0.0,0.0,0,0
MISC ITEMS - STUDENT LOANS,,287,ok,ok,0,0,0,0.0,0.0,0,0
MISC ITEMS - STUDENT LOANS,,288,ok,ok,0,0,0,0.0,0.0,0,0
MISC ITEMS - STUDENT LOANS,,289,ok,ok,0,0,0,0.0,0.0,0,0
EMERGENCY APPROPRIATION PUBLIC LAW 109-13 Funding Year MISCELLANEOUS ITEMS,,290,ok,fail,0,0,0,0.0,0.0,0,0
SECRETARY OF THE SENATE - ADMINISTRATIVE SERV.,,291,ok,banner_missing,0,0,0,0.0,0.0,0,0
SECRETARY OF THE SENATE - ADMINISTRATIVE SERV.,,292,ok,banner_missing,0,0,0,0.0,0.0,0,0
SECRETARY OF THE SENATE - ADMINISTRATIVE SERV.,2013,293,ok,banner_missing,0,0,0,0.0,0.0,0,0
SECRETARY OF THE SENATE - EXECUTIVE OFFICE,2013,294,ok,banner_missing,0,0,0,0.0,0.0,0,0
SECRETARY OF THE SENATE - LEGISLATIVE SERVICES,2013,295,ok,banner_missing,0,0,0,0.0,0.0,0,0
SECRETARY OF THE SENATE - ADMINISTRATIVE SERV.,,296,ok,banner_missing,0,0,0,0.0,0.0,0,0
SECRETARY OF THE SENATE - ADMINISTRATIVE SERV.,2014,297,ok,fail,3,0,3,185959.11,0.0,0,0
,2014,298,ok,banner_missing,13,0,13,3675.0,0.0,0,0
SECRETARY OF THE SENATE - LEGISLATIVE SERVICES,2014,299,ok,banner_missing,0,0,0,0.0,0.0,0,0
SECRETARY OF THE SENATE - ADMINISTRATIVE SERV.,,300,ok,fail,0,0,0,0.0,0.0,0,0
SECRETARY OF THE SENATE - ADMINISTRATIVE SERV.,2015,301,ok,fail,76,0,76,39374.59,0.0,0,0
SECRETARY OF THE SENATE - EXECUTIVE OFFICE,2015,304,ok,fail,34,0,34,27670.91,0.0,0,0
SECRETARY OF THE SENATE - LEGISLATIVE SERVICES,2015,306,ok,fail,2,0,2,2430.02,0.0,0,0
SECRETARY OF THE SENATE - ADMINISTRATIVE SERV.,,307,ok,fail,0,0,0,0.0,0.0,0,0
SECRETARY OF THE SENATE - (LIS PROJECT) Funding Year SECRETARY OF THE SENATE,,308,ok,banner_missing,0,0,0,0.0,0.0,0,0
SEC - EMRGCY APPROPS FOR TERR RESPONSE Funding Year SECRETARY OF THE SENATE,,309,ok,banner_missing,0,0,0,0.0,0.0,0,0
SEC OF THE SENATE - SENATE COLLECTION Funding Year SECRETARY OF THE SENATE,,310,ok,banner_missing,9,0,9,101684.64,0.0,0,0
SGT @ ARMS - CENTRAL OPERATIONS,,311,ok,banner_missing,0,0,0,0.0,0.0,0,0
SGT @ ARMS - CAPITOL DIVISION,,312,ok,fail,0,0,0,0.0,0.0,0,0
SGT @ ARMS - IT SUPPORT SERVICES,,313,ok,banner_missing,0,0,0,0.0,0.0,0,0
SGT @ ARMS - STAFF OFFICES,,314,ok,banner_missing,0,0,0,0.0,0.0,0,0
SGT @ ARMS - TECHNOLOGY DEVELOPMENT SERVICES,,315,ok,banner_missing,0,0,0,0.0,0.0,0,0
SGT @ ARMS - CENTRAL OPERATIONS,,316,ok,banner_missing,1,0,1,105379.14,0.0,0,0
SGT @ ARMS - CAPITOL DIVISION,,317,ok,banner_missing,0,0,0,0.0,0.0,0,0
SGT @ ARMS - IT SUPPORT SERVICES,,318,ok,banner_missing,16,0,16,13887.0,0.0,0,0
SGT @ ARMS - STAFF OFFICES,,319,ok,banner_missing,0,0,0,0.0,0.0,0,0
SGT @ ARMS - TECHNOLOGY DEVELOPMENT SERVICES,,320,ok,banner_missing,11,0,11,33220.66,0.0,0,0
SGT @ ARMS - CENTRAL OPERATIONS,,321,ok,fail,52,0,52,517820.89,0.0,0,0
SGT @ ARMS - CAPITOL DIVISION,,323,ok,fail,16,0,16,266005.68,0.0,0,0
SGT @ ARMS - IT SUPPORT SERVICES,,324,ok,fail,81,0,81,707187.66,0.0,0,0
SGT @ ARMS - STAFF OFFICES,,326,ok,fail,8,0,8,57940.57,0.0,0,0
SGT @ ARMS - TECHNOLOGY DEVELOPMENT SERVICES,,327,ok,banner_missing,5,0,5,429873.03,0.0,0,0
SGT @ ARMS - CENTRAL OPERATIONS,,328,ok,fail,10,0,10,163755.9,0.0,0,0
SGT @ ARMS - CAPITOL DIVISION,,329,ok,fail,22,0,22,137626.52,0.0,0,0
SGT @ ARMS - IT SUPPORT SERVICES,,330,ok,fail,1211,0,1211,4375416.43,0.0,0,0
@ ARMS - STAFF OFFICES,,351,ok,ok,17,0,17,180780.79,0.0,0,0
SGT @ ARMS - TECHNOLOGY DEVELOPMENT SERVICES,,352,ok,fail,0,0,0,0.0,0.0,0,0
,,353,ok,fail,13,0,13,55921.38,0.0,0,0
SGT @ ARMS - CAPITOL DIVISION,,354,ok,fail,29,0,29,296449.1,0.0,0,0
SGT @ ARMS - IT SUPPORT SERVICES,,356,ok,fail,540,0,540,2554963.14,0.0,0,0
SGT @ ARMS - STAFF OFFICES,,366,ok,fail,28,0,28,1241512.49,0.0,0,0
SGT @ ARMS - TECHNOLOGY DEVELOPMENT SERVICES,,368,ok,banner_missing,13,0,13,1345679.89,0.0,0,0
SGT @ ARMS - TECHNOLOGY DEVELOPMENT SERVICES,2014,369,ok,banner_missing,4,0,4,1482951.84,0.0,0,0
SGT @ ARMS - CENTRAL OPERATIONS,,370,ok,fail,37,0,37,197229.24,0.0,0,0
SGT @ ARMS - CAPITOL DIVISION,,372,ok,fail,54,0,54,814762.65,0.0,0,0
SGT @ ARMS - IT SUPPORT SERVICES,,374,ok,fail,65,0,65,1294313.12,0.0,0,0
,,376,ok,banner_missing,8,0,8,358611.74,0.0,0,0
SGT @ ARMS - TECHNOLOGY DEVELOPMENT SERVICES,,377,ok,fail,54,0,54,2111034.67,0.0,0,0
SGT @ ARMS - TECHNOLOGY DEVELOPMENT SERVICES,2015,379,ok,banner_missing,0,0,0,0.0,0.0,0,0
SGT @ ARMS - CENTRAL OPERATIONS,,380,ok,fail,438,0,438,791041.4,0.0,0,0
SGT @ ARMS - CAPITOL DIVISION,,389,ok,fail,354,0,354,1587324.66,0.0,0,0
SGT @ ARMS - IT SUPPORT SERVICES,,397,ok,fail,1017,0,1017,12952388.74,0.0,0,0
SGT @ ARMS - STAFF OFFICES,,415,ok,fail,279,0,279,900754.02,0.0,0,0
SGT @ ARMS - TECHNOLOGY DEVELOPMENT SERVICES,,422,ok,fail,573,0,573,11558467.36,0.0,1,0
SAA - EMERG SUPP NO YEAR FUNDS Funding Year SERGEANT AT ARMS AND DOORKEEPER OF THE SENATE,,434,ok,banner_missing,1,0,1,8468.1,0.0,0,0
SAA - RECORD STUDIO NO YEAR FUNDS Funding Year SERGEANT AT ARMS AND DOORKEEPER OF THE SENATE,,435,ok,banner_missing,0,0,0,0.0,0.0,0,0
SMI PROJECT Funding Year SERGEANT AT ARMS AND DOORKEEPER OF THE SENATE,,436,ok,banner_missing,0,0,0,0.0,0.0,0,0
CAUCUS - INTERNATIONAL NARCOTICS CONTROL,2013,437,ok,banner_missing,0,0,0,0.0,0.0,0,0
CAUCUS - INTERNATIONAL NARCOTICS CONTROL,2014,438,ok,banner_missing,0,0,0,0.0,0.0,0,0
CUS - INTERNATIONAL NARCOTICS CONTROL,2015,439,ok,fail,12,0,12,233154.71,0.0,0,0
SENATOR DANIEL K. AKAKA,2013,440,ok,banner_missing,0,0,0,0.0,0.0,0,0
SENATOR LAMAR ALEXANDER,2013,441,ok,banner_missing,0,0,0,0.0,0.0,0,0
SENATOR LAMAR ALEXANDER,2014,442,ok,fail,0,0,0,0.0,0.0,0,0
SENATOR LAMAR ALEXANDER,2015,443,ok,fail,368,0,368,1446988.16,0.0,0,0
SENATOR KELLY AYOTTE,2013,454,ok,banner_missing,0,0,0,0.0,0.0,0,0
SENATOR KELLY AYOTTE,2014,455,ok,banner_missing,0,0,0,0.0,0.0,0,0
SENATOR KELLY AYOTTE,2015,456,ok,fail,671,0,671,1176063.78,0.0,0,0
SENATOR TAMMY BALDWIN,2013,479,ok,fail,0,0,0,0.0,0.0,0,0
SENATOR TAMMY BALDWIN,2014,480,ok,fail,0,0,0,0.0,0.0,0,0
SENATOR TAMMY BALDWIN,2015,481,ok,fail,578,0,578,1361847.94,0.0,0,0
SENATOR JOHN BARRASSO,2013,499,ok,banner_missing,0,0,0,0.0,0.0,0,0
SENATOR JOHN BARRASSO,2014,500,ok,banner_missing,0,0,0,0.0,0.0,0,0
SENATOR JOHN BARRASSO,2015,501,fail,fail,362,59,362,1251880.76,0.0,0,0
SENATOR MAX BAUCUS,2013,512,ok,banner_missing,0,0,0,0.0,0.0,0,0
SENATOR MAX BAUCUS,2014,513,ok,banner_missing,0,0,0,0.0,0.0,0,0
SENATOR MARK BEGICH,2013,514,ok,banner_missing,0,0,0,0.0,0.0,0,0
SENATOR MARK BEGICH,2014,515,ok,ok,0,0,0,0.0,0.0,0,0
SENATOR MARK BEGICH,2015,516,fail,fail,0,0,0,0.0,0.0,0,0
SENATOR MICHAEL BENNET,2013,517,ok,banner_missing,0,0,0,0.0,0.0,0,0
SENATOR MICHAEL BENNET,2014,518,ok,banner_missing,4,0,4,1289.3,0.0,0,0
SENATOR MICHAEL BENNET,2015,519,ok,fail,382,0,382,1421312.87,0.0,0,0
SENATOR JEFF BINGAMAN,2013,531,ok,banner_missing,0,0,0,0.0,0.0,0,0
SENATOR RICHARD BLUMENTHAL,2013,532,ok,banner_missing,34,0,34,17433.32,0.0,0,0
SENATOR RICHARD BLUMENTHAL,2014,536,ok,banner_missing,0,0,0,0.0,0.0,0,0
SENATOR RICHARD BLUMENTHAL,2015,537,ok,fail,293,0,293,1365440.29,0.0,0,0
SENATOR ROY BLUNT,2013,547,ok,banner_missing,0,0,0,0.0,0.0,0,0
SENATOR ROY BLUNT,2014,548,ok,fail,9,0,9,727.02,0.0,0,0
SENATOR ROY BLUNT,2015,549,fail,fail,668,54,668,1498244.03,0.0,0,0
SENATOR CORY BOOKER,2014,572,ok,banner_missing,4,0,4,727.4,0.0,0,0
SENATOR CORY BOOKER,2015,573,ok,fail,267,0,267,1686070.24,0.0,0,0
SENATOR JOHN BOOZMAN,2013,582,ok,banner_missing,0,0,0,0.0,0.0,0,0
SENATOR JOHN BOOZMAN,2014,583,ok,banner_missing,0,0,0,0.0,0.0,0,0
SENATOR JOHN BOOZMAN,2015,584,ok,fail,742,0,742,1185036.97,0.0,0,0
SENATOR BARBARA BOXER,2013,606,ok,banner_missing,0,0,0,0.0,0.0,0,0
SENATOR BARBARA BOXER,2014,607,ok,banner_missing,0,0,0,0.0,0.0,0,0
SENATOR BARBARA BOXER,2015,608,fail,fail,495,73,495,2317059.71,0.0,0,0
SENATOR SCOTT P. BROWN,2013,622,ok,banner_missing,0,0,0,0.0,0.0,0,0
SENATOR SHERROD BROWN,2013,623,ok,banner_missing,0,0,0,0.0,0.0,0,0
SENATOR SHERROD BROWN,2014,624,ok,banner_missing,0,0,0,0.0,0.0,0,0
SENATOR SHERROD BROWN,2015,625,ok,fail,811,0,811,1723657.29,0.0,0,0
SENATOR RICHARD BURR,2013,649,ok,banner_missing,0,0,0,0.0,0.0,0,0
SENATOR RICHARD BURR,2014,650,ok,fail,0,0,0,0.0,0.0,0,0
SENATOR RICHARD BURR,2015,651,ok,fail,245,0,245,1430553.3,0.0,0,0
SENATOR MARIA CANTWELL,2013,662,ok,banner_missing,0,0,0,0.0,0.0,0,0
SENATOR MARIA CANTWELL,2014,663,ok,banner_missing,1,0,1,24640.0,0.0,0,0
SENATOR MARIA CANTWELL,2015,664,ok,fail,673,0,673,1553238.8,0.0,0,0
SENATOR SHELLEY MOORE CAPITO,2015,685,fail,fail,354,36,354,1103122.0,0.0,0,0
SENATOR BENJAMIN L CARDIN,2013,697,ok,banner_missing,0,0,0,0.0,0.0,0,0
SENATOR BENJAMIN L CARDIN,2014,698,ok,banner_missing,0,0,0,0.0,0.0,0,0
SENATOR BENJAMIN L CARDIN,2015,699,ok,fail,140,0,140,1574372.25,0.0,0,0
SENATOR THOMAS R. CARPER,2013,705,ok,banner_missing,0,0,0,0.0,0.0,0,0
SENATOR THOMAS R. CARPER,2014,706,ok,banner_missing,0,0,0,0.0,0.0,0,0
SENATOR THOMAS R. CARPER,2015,707,ok,fail,398,0,398,1455963.29,0.0,0,0
"SENATOR ROBERT CASEY, JR.",2013,720,ok,banner_missing,0,0,0,0.0,0.0,0,0
"SENATOR ROBERT CASEY, JR.",2014,721,ok,fail,1,0,1,31.92,0.0,0,0
"SENATOR ROBERT CASEY, JR.",2015,722,ok,fail,559,0,559,1870498.08,0.0,0,0
SENATOR BILL CASSIDY,2015,740,fail,fail,521,38,521,1144496.63,0.0,0,0
SENATOR SAXBY CHAMBLISS,2013,757,ok,banner_missing,0,0,0,0.0,0.0,0,0
SENATOR SAXBY CHAMBLISS,2014,758,ok,banner_missing,0,0,0,0.0,0.0,0,0
SENATOR SAXBY CHAMBLISS,2015,759,ok,fail,1,0,1,210.0,0.0,0,0
SENATOR JEFFREY CHIESA,2013,760,ok,banner_missing,0,0,0,0.0,0.0,0,0
SENATOR JEFFREY CHIESA,2014,761,ok,banner_missing,0,0,0,0.0,0.0,0,0
SENATOR DANIEL R. COATS,2013,762,ok,banner_missing,0,0,0,0.0,0.0,0,0
SENATOR DANIEL R. COATS,2014,763,ok,banner_missing,1,0,1,1044.0,0.0,0,0
SENATOR DANIEL R. COATS,2015,764,fail,fail,725,36,725,1183361.01,0.0,0,0
SENATOR TOM COBURN,2013,785,ok,banner_missing,0,0,0,0.0,0.0,0,0
SENATOR TOM COBURN,2014,786,ok,banner_missing,0,0,0,0.0,0.0,0,0
SENATOR TOM COBURN,2015,787,ok,fail,0,0,0,0.0,0.0,0,0
SENATOR THAD COCHRAN,2013,788,ok,banner_missing,0,0,0,0.0,0.0,0,0
SENATOR THAD COCHRAN,2014,789,ok,banner_missing,0,0,0,0.0,0.0,0,0
SENATOR THAD COCHRAN,2015,790,fail,fail,432,62,432,1436994.88,0.0,0,0
SENATOR SUSAN M. COLLINS,2013,803,ok,banner_missing,0,0,0,0.0,0.0,0,0
SENATOR SUSAN M. COLLINS,2014,804,ok,banner_missing,0,0,0,0.0,0.0,0,0
SENATOR SUSAN M. COLLINS,2015,805,fail,fail,663,88,663,1304415.03,0.0,0,0
SENATOR KENT CONRAD,2013,824,ok,banner_missing,0,0,0,0.0,0.0,0,0
SENATOR CHRISTOPHER A. COONS,2013,825,ok,banner_missing,0,0,0,0.0,0.0,0,0
SENATOR CHRISTOPHER A. COONS,2014,826,ok,banner_missing,0,0,0,0.0,0.0,0,0
SENATOR CHRISTOPHER A. COONS,2015,827,ok,fail,336,0,336,1445965.3,0.0,0,0
SENATOR BOB CORKER,2013,839,ok,banner_missing,0,0,0,0.0,0.0,0,0
SENATOR BOB CORKER,2014,840,ok,banner_missing,9,0,9,2973.3,0.0,0,0
SENATOR BOB CORKER,2015,841,ok,fail,800,0,800,1271972.77,0.0,0,0
SENATOR JOHN CORNYN,2013,865,ok,banner_missing,0,0,0,0.0,0.0,0,0
SENATOR JOHN CORNYN,2014,866,ok,fail,1,0,1,1890.0,0.0,0,0
SENATOR JOHN CORNYN,2015,867,ok,fail,568,0,568,2001997.42,0.0,0,0
SENATOR TOM COTTON,2015,882,ok,fail,592,0,592,1196532.33,0.0,0,0
SENATOR WILLIAM COWAN,2013,900,ok,banner_missing,0,0,0,0.0,0.0,0,0
SENATOR MICHAEL D. CRAPO,2013,901,ok,banner_missing,0,0,0,0.0,0.0,0,0
SENATOR MICHAEL D. CRAPO,2014,902,ok,banner_missing,0,0,0,0.0,0.0,0,0
SENATOR MICHAEL D. CRAPO,2015,903,ok,fail,390,0,390,1690974.32,0.0,0,0
SENATOR TED CRUZ,2013,915,ok,banner_missing,0,0,0,0.0,0.0,0,0
SENATOR TED CRUZ,2014,916,ok,banner_missing,0,0,0,0.0,0.0,0,0
SENATOR TED CRUZ,2015,917,ok,fail,362,0,362,2220516.71,0.0,0,0
SENATOR STEVE DAINES,2015,928,fail,fail,669,45,669,1158612.96,0.0,0,0
SENATOR JIM DEMINT,2013,947,ok,banner_missing,0,0,0,0.0,0.0,0,0
SENATOR JOE DONNELLY,2013,948,ok,banner_missing,0,0,0,0.0,0.0,0,0
SENATOR JOE DONNELLY,2014,949,ok,banner_missing,1,0,1,11.0,0.0,0,0
SENATOR JOE DONNELLY,2015,950,ok,fail,895,0,895,1472273.84,0.0,0,0
SENATOR RICHARD J. DURBIN,2013,977,ok,banner_missing,0,0,0,0.0,0.0,0,0
SENATOR RICHARD J. DURBIN,2014,978,ok,banner_missing,1,0,1,12.34,0.0,0,0
SENATOR RICHARD J. DURBIN,2015,979,ok,fail,411,0,411,1755982.62,0.0,0,0
SENATOR MICHAEL B. ENZI,2013,991,ok,fail,0,0,0,0.0,0.0,0,0
SENATOR MICHAEL B. ENZI,2014,992,ok,fail,2,0,2,240.49,0.0,0,0
SENATOR MICHAEL B. ENZI,2015,993,ok,fail,212,0,212,1103001.49,0.0,0,0
SENATOR JONI ERNST,2015,999,fail,fail,422,39,422,1399710.16,0.0,0,0
SENATOR DIANNE FEINSTEIN,2013,1012,ok,banner_missing,0,0,0,0.0,0.0,0,0
SENATOR DIANNE FEINSTEIN,2014,1013,ok,banner_missing,0,0,0,0.0,0.0,0,0
SENATOR DIANNE FEINSTEIN,2015,1014,ok,fail,394,0,394,2226851.24,0.0,0,0
SENATOR DEB FISCHER,2013,1025,ok,banner_missing,0,0,0,0.0,0.0,0,0
SENATOR DEB FISCHER,2014,1026,ok,banner_missing,0,0,0,0.0,0.0,0,0
SENATOR DEB FISCHER,2015,1027,ok,fail,397,0,397,1409138.61,0.0,0,0
SENATOR JEFF FLAKE,2013,1039,ok,banner_missing,0,0,0,0.0,0.0,0,0
SENATOR JEFF FLAKE,2014,1040,ok,fail,0,0,0,0.0,0.0,0,0
SENATOR JEFF FLAKE,2015,1041,ok,fail,312,0,312,1356614.87,0.0,0,0
SENATOR AL FRANKEN,2013,1050,ok,banner_missing,0,0,0,0.0,0.0,0,0
SENATOR AL FRANKEN,2014,1051,ok,banner_missing,0,0,0,0.0,0.0,0,0
SENATOR AL FRANKEN,2015,1052,ok,fail,495,0,495,1577990.17,0.0,0,0
SENATOR CORY GARDNER,2015,1068,fail,fail,664,43,664,1214680.13,0.0,0,0
SENATOR KIRSTEN GILLIBRAND,2013,1090,ok,banner_missing,0,0,0,0.0,0.0,0,0
OUNT,,1091,ok,fail,4,0,4,715.2,0.0,0,0
SENATOR KIRSTEN GILLIBRAND,2015,1092,ok,fail,638,0,638,1998840.38,0.0,0,0
SENATOR LINDSEY GRAHAM,2013,1111,ok,banner_missing,0,0,0,0.0,0.0,0,0
SENATOR LINDSEY GRAHAM,2014,1112,ok,banner_missing,0,0,0,0.0,0.0,0,0
SENATOR LINDSEY GRAHAM,2015,1113,fail,fail,169,45,169,1261560.74,0.0,0,0
SENATOR CHARLES E. GRASSLEY,2013,1118,ok,banner_missing,0,0,0,0.0,0.0,0,0
SENATOR CHARLES E. GRASSLEY,2014,1119,ok,banner_missing,0,0,0,0.0,0.0,0,0
SENATOR CHARLES E. GRASSLEY,2015,1120,ok,fail,377,0,377,1237469.19,0.0,0,0
SENATOR KAY HAGAN,2013,1132,ok,banner_missing,0,0,0,0.0,0.0,0,0
SENATOR KAY HAGAN,2014,1133,ok,banner_missing,0,0,0,0.0,0.0,0,0
SENATOR KAY HAGAN,2015,1134,ok,fail,0,0,0,0.0,0.0,0,0
SENATOR TOM HARKIN,2013,1135,ok,banner_missing,0,0,0,0.0,0.0,0,0
SENATOR TOM HARKIN,2014,1136,ok,fail,0,0,0,0.0,0.0,0,0
SENATOR TOM HARKIN,2015,1137,ok,fail,0,0,0,0.0,0.0,0,0
SENATOR ORRIN G. HATCH,2013,1138,ok,banner_missing,0,0,0,0.0,0.0,0,0
SENATOR ORRIN G. HATCH,2014,1139,ok,banner_missing,0,0,0,0.0,0.0,0,0
SENATOR ORRIN G. HATCH,2015,1140,ok,fail,290,0,290,1176559.48,0.0,0,0
SENATOR MARTIN HEINRICH,2013,1149,ok,banner_missing,41,0,41,1119.34,0.0,0,0
SENATOR MARTIN HEINRICH,2014,1151,ok,banner_missing,17,0,17,395.23,0.0,0,0
SENATOR MARTIN HEINRICH,2015,1153,ok,fail,435,0,435,1527014.7,0.0,0,0
SENATOR HEIDI HEITKAMP,2013,1167,ok,banner_missing,0,0,0,0.0,0.0,0,0
SENATOR HEIDI HEITKAMP,2014,1168,ok,banner_missing,0,0,0,0.0,0.0,0,0
SENATOR HEIDI HEITKAMP,2015,1169,ok,fail,422,0,422,1475068.09,0.0,0,0
SENATOR DEAN HELLER,2013,1181,ok,banner_missing,0,0,0,0.0,0.0,0,0
SENATOR DEAN HELLER,2014,1182,ok,banner_missing,0,0,0,0.0,0.0,0,0
SENATOR DEAN HELLER,2015,1183,ok,fail,185,0,185,1126896.12,0.0,0,0
SENATOR MAZIE HIRONO,2013,1189,ok,banner_missing,0,0,0,0.0,0.0,0,0
SENATOR MAZIE HIRONO,2014,1190,ok,fail,0,0,0,0.0,0.0,0,0
SENATOR MAZIE HIRONO,2015,1191,fail,fail,152,43,152,1150398.47,0.0,0,0
SENATOR JOHN HOEVEN,2013,1196,ok,banner_missing,0,0,0,0.0,0.0,0,0
SENATOR JOHN HOEVEN,2014,1197,ok,banner_missing,1,0,1,1044.0,0.0,0,0
SENATOR JOHN HOEVEN,2015,1198,ok,fail,205,0,205,1174667.37,0.0,0,0
SENATOR KAY BAILEY HUTCHISON,2013,1205,ok,banner_missing,0,0,0,0.0,0.0,0,0
SENATOR JAMES M. INHOFE,2013,1206,ok,banner_missing,0,0,0,0.0,0.0,0,0
SENATOR JAMES M. INHOFE,2014,1207,ok,banner_missing,0,0,0,0.0,0.0,0,0
SENATOR JAMES M. INHOFE,2015,1208,ok,fail,553,0,553,1585524.13,0.0,0,0
SENATOR DANIEL K. INOUYE,2013,1224,ok,banner_missing,0,0,0,0.0,0.0,0,0
SENATOR JOHNNY ISAKSON,2013,1225,ok,banner_missing,0,0,0,0.0,0.0,0,0
SENATOR JOHNNY ISAKSON,2014,1226,ok,banner_missing,2,0,2,201.6,0.0,0,0
SENATOR JOHNNY ISAKSON,2015,1227,fail,fail,988,49,988,1450478.27,0.0,0,0
SENATOR MIKE JOHANNS,2013,1258,ok,banner_missing,0,0,0,0.0,0.0,0,0
SENATOR MIKE JOHANNS,2014,1259,ok,fail,0,0,0,0.0,0.0,0,0
SENATOR MIKE JOHANNS,2015,1260,ok,fail,0,0,0,0.0,0.0,0,0
SENATOR TIM JOHNSON,2013,1261,ok,banner_missing,0,0,0,0.0,0.0,0,0
SENATOR TIM JOHNSON,2014,1262,ok,banner_missing,0,0,0,0.0,0.0,0,0
SENATOR TIM JOHNSON,2015,1263,ok,fail,0,0,0,0.0,0.0,0,0
SENATOR RON JOHNSON,2013,1264,ok,banner_missing,0,0,0,0.0,0.0,0,0
OUNT,,1265,ok,banner_missing,5,0,5,998.32,0.0,0,0
SENATOR RON JOHNSON,2015,1266,fail,fail,620,53,620,1448071.48,0.0,0,0
SENATOR TIM KAINE,2013,1285,ok,banner_missing,3,0,3,82.5,0.0,0,0
SENATOR TIM KAINE,2014,1286,ok,fail,12,0,12,328.11,0.0,0,0
SENATOR TIM KAINE,2015,1287,ok,fail,453,0,453,1494752.75,0.0,0,0
SENATOR JOHN F. KERRY,2013,1301,ok,banner_missing,0,0,0,0.0,0.0,0,0
SENATOR ANGUS KING,2013,1302,ok,banner_missing,0,0,0,0.0,0.0,0,0
SENATOR ANGUS KING,2014,1303,ok,fail,0,0,0,0.0,0.0,0,0
SENATOR ANGUS KING,2015,1304,fail,fail,499,62,499,1493615.22,0.0,0,0
SENATOR MARK KIRK,2013,1321,ok,banner_missing,0,0,0,0.0,0.0,0,0
SENATOR MARK KIRK,2014,1322,ok,banner_missing,0,0,0,0.0,0.0,0,0
SENATOR MARK KIRK,2015,1323,ok,fail,528,0,528,1699516.02,0.0,0,0
SENATOR AMY KLOBUCHAR,2013,1340,ok,banner_missing,0,0,0,0.0,0.0,0,0
SENATOR AMY KLOBUCHAR,2014,1341,ok,banner_missing,1,0,1,1044.0,0.0,0,0
SENATOR AMY KLOBUCHAR,2015,1342,ok,fail,593,0,593,1524859.23,0.0,0,0
SENATOR HERBERT H. KOHL,2013,1361,ok,banner_missing,0,0,0,0.0,0.0,0,0
SENATOR JON KYL,2013,1362,ok,banner_missing,0,0,0,0.0,0.0,0,0
SENATOR MARY L. LANDRIEU,2013,1363,ok,banner_missing,0,0,0,0.0,0.0,0,0
SENATOR MARY L. LANDRIEU,2014,1364,ok,fail,2,0,2,536.14,0.0,0,0
SENATOR MARY L. LANDRIEU,2015,1365,ok,fail,0,0,0,0.0,0.0,0,0
SENATOR JAMES LANKFORD,2015,1366,ok,fail,437,0,437,1404745.55,0.0,0,0
SENATOR FRANK R. LAUTENBERG,2013,1380,ok,banner_missing,0,0,0,0.0,0.0,0,0
SENATOR PATRICK J. LEAHY,2013,1381,ok,banner_missing,0,0,0,0.0,0.0,0,0
SENATOR PATRICK J. LEAHY,2014,1382,ok,fail,2,0,2,6307.0,0.0,0,0
SENATOR PATRICK J. LEAHY,2015,1383,ok,fail,328,0,328,1388883.28,0.0,0,0
SENATOR MIKE LEE,2013,1393,ok,banner_missing,0,0,0,0.0,0.0,0,0
SENATOR MIKE LEE,2014,1394,ok,fail,2,0,2,7524.0,0.0,0,0
SENATOR MIKE LEE,2015,1395,ok,fail,291,0,291,1308369.04,0.0,0,0
SENATOR CARL LEVIN,2013,1404,ok,banner_missing,0,0,0,0.0,0.0,0,0
SENATOR CARL LEVIN,2014,1405,ok,banner_missing,0,0,0,0.0,0.0,0,0
SENATOR CARL LEVIN,2015,1406,ok,fail,2,0,2,846.35,0.0,0,0
SENATOR JOSEPH I. LIEBERMAN,2013,1407,ok,banner_missing,0,0,0,0.0,0.0,0,0
SENATOR RICHARD G. LUGAR,2013,1408,ok,banner_missing,0,0,0,0.0,0.0,0,0
SENATOR JOE MANCHIN,2013,1409,ok,banner_missing,0,0,0,0.0,0.0,0,0
SENATOR JOE MANCHIN,2014,1410,ok,fail,0,0,0,0.0,0.0,0,0
SENATOR JOE MANCHIN,2015,1411,ok,fail,568,0,568,1303800.26,0.0,0,0
SENATOR EDWARD MARKEY,2013,1430,ok,banner_missing,0,0,0,0.0,0.0,0,0
SENATOR EDWARD MARKEY,2014,1431,ok,banner_missing,1,0,1,71.51,0.0,0,0
SENATOR EDWARD MARKEY,2015,1432,ok,fail,53,0,53,1238751.89,0.0,0,0
SENATOR JOHN MCCAIN,2013,1435,ok,banner_missing,0,0,0,0.0,0.0,0,0
SENATOR JOHN MCCAIN,2014,1436,ok,fail,1,0,1,8100.4,0.0,0,0
SENATOR JOHN MCCAIN,2015,1437,ok,fail,193,0,193,1382106.02,0.0,0,0
SENATOR CLAIRE MCCASKILL,2013,1443,ok,banner_missing,0,0,0,0.0,0.0,0,0
SENATOR CLAIRE MCCASKILL,2014,1444,ok,banner_missing,0,0,0,0.0,0.0,0,0
SENATOR CLAIRE MCCASKILL,2015,1445,ok,fail,399,0,399,1423638.89,0.0,1,0
"SENATOR A. MITCHELL MCCONNELL, JR.",2013,1459,ok,banner_missing,0,0,0,0.0,0.0,0,0
"SENATOR A. MITCHELL MCCONNELL, JR.",2014,1460,ok,banner_missing,0,0,0,0.0,0.0,0,0
"SENATOR A. MITCHELL MCCONNELL, JR.",2015,1461,ok,fail,210,0,210,1452824.96,0.0,0,0
SENATOR ROBERT MENENDEZ,2013,1469,ok,banner_missing,0,0,0,0.0,0.0,0,0
SENATOR ROBERT MENENDEZ,2014,1470,ok,banner_missing,0,0,0,0.0,0.0,0,0
SENATOR ROBERT MENENDEZ,2015,1471,ok,fail,205,0,205,1560594.25,0.0,1,0
SENATOR JEFF MERKLEY,2013,1478,ok,banner_missing,0,0,0,0.0,0.0,0,0
SENATOR JEFF MERKLEY,2014,1479,ok,banner_missing,1,0,1,2218.0,0.0,0,0
SENATOR JEFF MERKLEY,2015,1480,ok,fail,362,0,362,1432931.91,0.0,0,0
SENATOR BARBARA A. MIKULSKI,2013,1492,ok,banner_missing,0,0,0,0.0,0.0,0,0
SENATOR BARBARA A. MIKULSKI,2014,1493,ok,banner_missing,0,0,0,0.0,0.0,0,0
SENATOR BARBARA A. MIKULSKI,2015,1494,ok,fail,307,0,307,1501005.8,0.0,0,0
SENATOR JERRY MORAN,2013,1506,ok,fail,3,0,3,2055.59,0.0,0,0
SENATOR JERRY MORAN,2014,1507,ok,fail,0,0,0,0.0,0.0,0,0
SENATOR JERRY MORAN,2015,1508,ok,fail,463,0,463,1425299.63,0.0,0,0
SENATOR LISA MURKOWSKI,2013,1522,ok,banner_missing,0,0,0,0.0,0.0,0,0
SENATOR LISA MURKOWSKI,2014,1523,ok,banner_missing,0,0,0,0.0,0.0,0,0
SENATOR LISA MURKOWSKI,2015,1524,fail,fail,280,66,280,1545794.59,0.0,0,0
SENATOR CHRIS MURPHY,2013,1533,ok,banner_missing,0,0,0,0.0,0.0,0,0
SENATOR CHRIS MURPHY,2014,1534,ok,banner_missing,0,0,0,0.0,0.0,0,0
SENATOR CHRIS MURPHY,2015,1535,fail,fail,381,48,381,1396958.51,0.0,0,0
SENATOR PATTY MURRAY,2013,1548,ok,banner_missing,0,0,0,0.0,0.0,0,0
SENATOR PATTY MURRAY,2014,1549,ok,fail,0,0,0,0.0,0.0,0,0
SENATOR PATTY MURRAY,2015,1550,ok,fail,605,0,605,1540618.42,0.0,0,0
SENATOR BEN NELSON,2013,1568,ok,banner_missing,0,0,0,0.0,0.0,0,0
SENATOR BILL NELSON,2013,1569,ok,banner_missing,0,0,0,0.0,0.0,0,0
SENATOR BILL NELSON,2014,1570,ok,ok,0,0,0,0.0,0.0,0,0
SENATOR BILL NELSON,2015,1571,ok,fail,475,0,475,1995125.73,0.0,0,0
SENATOR RAND PAUL,2013,1585,ok,fail,4,0,4,419.88,0.0,0,0
SENATOR RAND PAUL,2014,1586,ok,banner_missing,2,0,2,107.52,0.0,0,0
SENATOR RAND PAUL,2015,1587,ok,fail,915,0,915,1115935.2,0.0,0,0
SENATOR DAVID PERDUE,2015,1615,fail,fail,329,44,329,1179522.73,0.0,0,0
SENATOR GARY PETERS,2015,1625,fail,fail,318,46,318,1366531.95,0.0,0,0
SENATOR ROB PORTMAN,2013,1635,ok,fail,0,0,0,0.0,0.0,0,0
SENATOR ROB PORTMAN,2014,1636,ok,banner_missing,1,0,1,1044.0,0.0,0,0
SENATOR ROB PORTMAN,2015,1637,ok,fail,469,0,469,1618226.76,0.0,0,0
SENATOR MARK PRYOR,2013,1653,ok,banner_missing,0,0,0,0.0,0.0,0,0
SENATOR MARK PRYOR,2014,1654,ok,banner_missing,0,0,0,0.0,0.0,0,0
SENATOR MARK PRYOR,2015,1655,ok,fail,0,0,0,0.0,0.0,0,0
SENATOR JOHN F. REED,2013,1656,ok,banner_missing,0,0,0,0.0,0.0,0,0
SENATOR JOHN F. REED,2014,1657,ok,banner_missing,0,0,0,0.0,0.0,0,0
SENATOR JOHN F. REED,2015,1658,ok,fail,106,0,106,1298307.62,0.0,0,0
SENATOR HARRY REID,2013,1662,ok,banner_missing,0,0,0,0.0,0.0,0,0
SENATOR HARRY REID,2014,1663,ok,banner_missing,2,0,2,8260.7,0.0,0,0
SENATOR HARRY REID,2015,1664,ok,fail,344,0,344,1414163.2,0.0,0,0
SENATOR JAMES E. RISCH,2013,1673,ok,banner_missing,0,0,0,0.0,0.0,0,0
SENATOR JAMES E. RISCH,2014,1674,ok,banner_missing,0,0,0,0.0,0.0,0,0
SENATOR JAMES E. RISCH,2015,1675,ok,fail,343,0,343,1239572.99,0.0,0,0
SENATOR PAT ROBERTS,2013,1685,ok,banner_missing,0,0,0,0.0,0.0,0,0
SENATOR PAT ROBERTS,2014,1686,ok,banner_missing,0,0,0,0.0,0.0,0,0
SENATOR PAT ROBERTS,2015,1687,fail,fail,341,48,341,1350017.79,0.0,0,0
"SENATOR JOHN D. ROCKEFELLER, IV",2013,1697,ok,banner_missing,0,0,0,0.0,0.0,0,0
"SENATOR JOHN D. ROCKEFELLER, IV",2014,1698,ok,banner_missing,0,0,0,0.0,0.0,0,0
"SENATOR JOHN D. ROCKEFELLER, IV",2015,1699,ok,fail,0,0,0,0.0,0.0,0,0
SENATOR MIKE ROUNDS,2015,1700,fail,fail,538,46,538,1262252.32,0.0,0,0
SENATOR MARCO RUBIO,2013,1715,ok,banner_missing,0,0,0,0.0,0.0,0,0
SENATOR MARCO RUBIO,2014,1716,ok,banner_missing,0,0,0,0.0,0.0,0,0
SENATOR MARCO RUBIO,2015,1717,fail,fail,393,70,393,1908535.51,0.0,0,0
SENATOR BERNARD SANDERS,2013,1728,ok,banner_missing,0,0,0,0.0,0.0,0,0
SENATOR BERNARD SANDERS,2014,1729,ok,fail,5,0,5,40361.62,0.0,0,0
SENATOR BERNARD SANDERS,2015,1730,ok,fail,427,0,427,1092353.99,0.0,0,0
SENATOR BEN SASSE,2015,1743,fail,fail,316,54,316,1211702.39,0.0,0,0
SENATOR BRIAN SCHATZ,2013,1752,ok,banner_missing,0,0,0,0.0,0.0,0,0
SENATOR BRIAN SCHATZ,2014,1753,ok,fail,1,0,1,1435.0,0.0,0,0
SENATOR BRIAN SCHATZ,2015,1754,fail,fail,221,76,221,1588948.68,0.0,0,0
SENATOR CHARLES E. SCHUMER,2013,1760,ok,banner_missing,0,0,0,0.0,0.0,0,0
SENATOR CHARLES E. SCHUMER,2014,1761,ok,fail,0,0,0,0.0,0.0,0,0
SENATOR CHARLES E. SCHUMER,2015,1762,fail,fail,396,69,396,2103018.24,0.0,0,0
SENATOR TIM SCOTT,2013,1775,ok,banner_missing,0,0,0,0.0,0.0,0,0
SENATOR TIM SCOTT,2014,1776,ok,banner_missing,0,0,0,0.0,0.0,0,0
SENATOR TIM SCOTT,2015,1777,ok,fail,256,0,256,1164762.55,0.0,0,0
"SENATOR JEFFERSON B. SESSIONS, III",2013,1786,ok,banner_missing,0,0,0,0.0,0.0,0,0
"SENATOR JEFFERSON B. SESSIONS, III",2014,1787,ok,banner_missing,0,0,0,0.0,0.0,0,0
"SENATOR JEFFERSON B. SESSIONS, III",2015,1788,fail,fail,307,87,307,1233137.72,0.0,0,0
SENATOR JEANNE SHAHEEN,2013,1797,ok,banner_missing,0,0,0,0.0,0.0,0,0
SENATOR JEANNE SHAHEEN,2014,1798,ok,fail,1,0,1,91.02,0.0,0,0
SENATOR JEANNE SHAHEEN,2015,1799,ok,fail,465,0,465,1247514.69,0.0,0,0
SENATOR RICHARD C. SHELBY,2013,1815,ok,banner_missing,0,0,0,0.0,0.0,0,0
SENATOR RICHARD C. SHELBY,2014,1816,ok,banner_missing,0,0,0,0.0,0.0,0,0
SENA TOR RICHARD C. SHELBY,2015,1817,ok,fail,91,0,91,860781.79,0.0,0,0
SENATOR OLYMPIA J. SNOWE,2013,1820,ok,banner_missing,0,0,0,0.0,0.0,0,0
SENATOR DEBBIE A. STABENOW,2013,1821,ok,fail,0,0,0,0.0,0.0,0,0
SENATOR DEBBIE A. STABENOW,2014,1822,ok,banner_missing,1,0,1,1044.0,0.0,0,0
SENATOR DEBBIE A. STABENOW,2015,1823,ok,fail,339,0,339,1762394.85,0.0,0,0
SENATOR DAN SULLIVAN,2015,1834,fail,fail,162,35,162,1436231.14,0.0,0,0
SENATOR JON TESTER,2013,1839,ok,banner_missing,0,0,0,0.0,0.0,0,0
SENATOR JON TESTER,2014,1840,ok,banner_missing,0,0,0,0.0,0.0,0,0
SENATOR JON TESTER,2015,1841,ok,fail,606,0,606,1408149.29,0.0,0,0
SENATOR JOHN R. THUNE,2013,1858,ok,banner_missing,0,0,0,0.0,0.0,0,0
SENATOR JOHN R. THUNE,2014,1859,ok,banner_missing,0,0,0,0.0,0.0,0,0
SENATOR JOHN R. THUNE,2015,1860,ok,fail,328,0,328,1431860.42,0.0,0,0
SENATOR THOM TILLIS,2015,1870,fail,fail,435,43,435,1441864.94,0.0,0,0
SENATOR PATRICK J.TOOMEY,2013,1885,ok,banner_missing,0,0,0,0.0,0.0,0,0
SENATOR PATRICK J.TOOMEY,2014,1886,ok,banner_missing,0,0,0,0.0,0.0,0,0
SENATOR PATRICK J.TOOMEY,2015,1887,ok,fail,724,0,724,1664285.45,0.0,0,0
SENATOR MARK UDALL (CO),2013,1910,ok,banner_missing,0,0,0,0.0,0.0,0,0
SENATOR MARK UDALL (CO),2014,1911,ok,fail,0,0,0,0.0,0.0,0,0
SENATOR MARK UDALL (CO),2015,1912,ok,banner_missing,0,0,0,0.0,0.0,0,0
SENATOR TOM UDALL (NM),2013,1913,ok,banner_missing,0,0,0,0.0,0.0,0,0
SENATOR TOM UDALL (NM),2014,1914,ok,banner_missing,0,0,0,0.0,0.0,0,0
SENATOR TOM UDALL (NM),2015,1915,ok,fail,470,0,470,1433030.3,0.0,0,0
SENATOR DAVID VITTER,2013,1929,ok,banner_missing,0,0,0,0.0,0.0,0,0
SENATOR DAVID VITTER,2014,1930,ok,banner_missing,0,0,0,0.0,0.0,0,0
SENATOR DAVID VITTER,2015,1931,ok,fail,382,0,382,1079213.67,0.0,0,0
SENATOR JOHN WALSH,2014,1944,ok,banner_missing,0,0,0,0.0,0.0,0,0
SENATOR JOHN WALSH,2015,1945,ok,fail,0,0,0,0.0,0.0,0,0
SENATOR MARK WARNER,2013,1946,ok,banner_missing,0,0,0,0.0,0.0,0,0
SENATOR MARK WARNER,2014,1947,ok,banner_missing,0,0,0,0.0,0.0,0,0
SENATOR MARK WARNER,2015,1948,ok,fail,593,0,593,1646800.45,0.0,0,0
SENATOR ELIZABETH WARREN,2013,1966,ok,banner_missing,0,0,0,0.0,0.0,0,0
SENATOR ELIZABETH WARREN,2014,1967,ok,banner_missing,0,0,0,0.0,0.0,0,0
SENATOR ELIZABETH WARREN,2015,1968,ok,fail,232,0,232,1397749.22,0.0,0,0
SENATOR JIM WEBB,2013,1976,ok,banner_missing,0,0,0,0.0,0.0,0,0
SENATOR SHELDON WHITEHOUSE,2013,1977,ok,banner_missing,0,0,0,0.0,0.0,0,0
SENATOR SHELDON WHITEHOUSE,2014,1978,ok,banner_missing,0,0,0,0.0,0.0,0,0
SENATOR SHELDON WHITEHOUSE,2015,1979,ok,fail,458,0,458,1520626.83,0.0,0,0
SENATOR ROGER WICKER,2013,1994,ok,banner_missing,0,0,0,0.0,0.0,0,0
SENATOR ROGER WICKER,2014,1995,ok,banner_missing,0,0,0,0.0,0.0,0,0
SENATOR ROGER WICKER,2015,1996,fail,fail,436,59,436,1399063.14,0.0,0,0
SENATOR RON WYDEN,2013,2010,ok,banner_missing,0,0,0,0.0,0.0,0,0
SENATOR RON WYDEN,2014,2011,ok,banner_missing,4,0,4,438.6,0.0,0,0
SENATOR RON WYDEN,2015,2012,ok,fail,520,0,520,1629533.47,0.0,0,0
STATIONERY Funding Year STATIONERY REVOLVING FUND,,2027,ok,fail,0,0,0,0.0,0.0,0,0
LEGAL COUNSEL,2013,2028,ok,banner_missing,0,0,0,0.0,0.0,0,0
LEGAL COUNSEL,2014,2029,ok,fail,0,0,0,0.0,0.0,0,0
LEGAL COUNSEL,2015,2030,ok,fail,9,0,9,425811.02,0.0,0,0
SECRETARY FOR THE MAJORITY (D),2013,2031,ok,banner_missing,0,0,0,0.0,0.0,0,0
SECRETARY FOR THE MAJORITY (D),2014,2032,ok,banner_missing,0,0,0,0.0,0.0,0,0
SECRETARY FOR THE MINORITY (D),2015,2033,ok,fail,0,0,0,0.0,0.0,0,0
SECRETARY FOR THE MINORITY (R),2013,2034,ok,banner_missing,0,0,0,0.0,0.0,0,0
SECRETARY FOR THE MINORITY (R),2014,2035,ok,banner_missing,0,0,0,0.0,0.0,0,0
SECRETARY FOR THE MAJORITY (R),2015,2036,ok,fail,0,0,0,0.0,0.0,0,0
SERGEANT AT ARMS AND DOORKEEPER OF THE SENATE,2013,2037,ok,banner_missing,0,0,0,0.0,0.0,0,0
SERGEANT AT ARMS AND DOORKEEPER OF THE SENATE,2014,2038,ok,banner_missing,0,0,0,0.0,0.0,0,0
SERGEANT AT ARMS AND DOORKEEPER OF THE SENATE,2015,2039,ok,fail,0,0,0,0.0,0.0,0,0
SECRETARY OF THE SENATE,2013,2040,ok,banner_missing,0,0,0,0.0,0.0,0,0
SECRETARY OF THE SENATE,2014,2041,ok,banner_missing,0,0,0,0.0,0.0,0,0
SECRETARY OF THE SENATE,2015,2042,ok,fail,0,0,0,0.0,0.0,0,0
JOINT ECONOMIC COMMITTEE,2013,2043,ok,banner_missing,0,0,0,0.0,0.0,0,0
JOINT ECONOMIC COMMITTEE,2014,2044,ok,banner_missing,0,0,0,0.0,0.0,0,0
JOINT ECONOMIC COMMITTEE,2015,2045,ok,fail,59,0,59,1968578.89,0.0,0,0
RESERVE FOR CONTINGENCIES Funding Year SETTLEMENTS AND AWARDS RESERVE,,2047,ok,banner_missing,0,0,0,0.0,0.0,0,0
LEGISLATIVE COUNSEL,2013,2048,ok,banner_missing,0,0,0,0.0,0.0,0,0
LEGISLATIVE COUNSEL,2014,2049,ok,banner_missing,0,0,0,0.0,0.0,0,0
LEGISLATIVE COUNSEL,2015,2050,ok,fail,49,0,49,2621327.54,0.0,0,0
JOINT COMMITTEES ON INAUGURAL CEREMONIES,,2052,ok,banner_missing,0,0,0,0.0,0.0,0,0
OFFICE OF CONGRESSIONAL ACCESSIBILITY SERVICES,2013,2053,ok,banner_missing,0,0,0,0.0,0.0,0,0
OFFICE OF CONGRESSIONAL ACCESSIBILITY SERVICES,2014,2054,ok,banner_missing,0,0,0,0.0,0.0,0,0
OFFICE OF CONGRESSIONAL ACCESSIBILITY SERVICES,2015,2055,ok,fail,63,0,63,275973.2,0.0,0,0
OFFICE OF CONGRESSIONAL ACCESSIBILITY SERVICES Funding Year OFFICE OF CONGRESSIONAL ACCESSIBILITY SERVICES,,2057,ok,banner_missing,0,0,0,0.0,0.0,0,0
COMPUTER CENTER REVOLVING FUND Funding Year SENATE COMPUTER CENTER REVOLVING FUND,,2058,ok,banner_missing,0,0,0,0.0,0.0,0,0
HEALTH & PROMOTION Funding Year SENATE HEALTH PROMOTION REVOLVING FUND,,2059,ok,fail,8,0,8,8604.0,0.0,0,0
PUBLIC RECORDS Funding Year SENATE OFFICE OF PUBLIC RECORDS REVOLVING FUND,,2060,ok,fail,0,0,0,0.0,0.0,0,0
GIFT SHOP Funding Year SENATE GIFT SHOP REVOLVING FUND,,2061,ok,fail,0,0,0,0.0,0.0,0,0
PHOTOGRAPHIC STUDIO Funding Year SENATE PHOTOGRAPHIC STUDIO REVOLVING FUND,,2062,ok,fail,11,0,11,77963.35,0.0,0,0
RECORDING STUDIO Funding Year SENATE RECORDING STUDIO REVOLVING FUND,,2063,ok,fail,3,0,3,4556.51,0.0,0,0
DANIEL WEBSTER SENATE PAGE RESIDENCE Funding Year DANIEL WEBSTER SENATE PAGE RESIDENCE REVOLVING FUND,,2064,ok,fail,22,0,22,27807.03,0.0,0,0
SENATE HAIR CARE Funding Year SENATE HAIR CARE SERVICES REVOLVING FUND,,2066,ok,fail,2,0,2,48681.42,0.0,0,0
"AGRICULTURE, NUTRITION & FORESTRY AGRICULTURE, NUTR & FOR S.RES.81D(112TH) EXPENSES OF INQUIRIES AND INVESTIGATIONS",,2067,ok,banner_missing,0,0,0,0.0,0.0,0,0
"AGRICULTURE, NUTRITION & FORESTRY AGRICULTURE, NUTR & FOR S.RES.64B(113TH) EXPENSES OF INQUIRIES AND INVESTIGATIONS",,2068,ok,banner_missing,0,0,0,0.0,0.0,0,0
"AGRICULTURE, NUTRITION & FORESTRY AGRICULTURE, NUTR & FOR S.RES.253B(113TH) EXPENSES OF INQUIRIES AND INVESTIGATIONS",,2069,ok,fail,0,0,0,0.0,0.0,0,0
"AGRICULTURE, NUTRITION & FORESTRY AGRICULTURE, NUTR & FOR S.RES.253C(113TH) EXPENSES OF INQUIRIES AND INVESTIGATIONS",,2070,ok,fail,17,0,17,26086.5,0.0,0,0
"AGRICULTURE, NUTRITION & FORESTRY AGRICULTURE, NUTR & FOR S.RES.73B(114TH) EXPENSES OF INQUIRIES AND INVESTIGATIONS",,2072,ok,fail,232,0,232,2067968.55,0.0,0,0
ARMED SERVICES ARMED SERVICES - S.RES. 81D (112TH) EXPENSES OF INQUIRIES AND INVESTIGATIONS,,2081,ok,banner_missing,0,0,0,0.0,0.0,0,0
ARMED SERVICES ARMED SERVICES - S.RES. 64B (113TH) EXPENSES OF INQUIRIES AND INVESTIGATIONS,,2082,ok,banner_missing,0,0,0,0.0,0.0,0,0
ARMED SERVICES ARMED SERVICES - S.RES. 253B (113TH) EXPENSES OF INQUIRIES AND INVESTIGATIONS,,2083,ok,banner_missing,0,0,0,0.0,0.0,0,0
ARMED SERVICES ARMED SERVICES - S.RES. 253C (113TH) EXPENSES OF INQUIRIES AND INVESTIGATIONS,,2084,ok,banner_missing,3,0,3,718.8,0.0,0,0
ARMED SERVICES ARMED SERVICES - S.RES. 73B (114TH) EXPENSES OF INQUIRIES AND INVESTIGATIONS,,2085,ok,fail,107,0,107,3136372.84,0.0,0,0
"BANKING, HOUSING & URBAN AFFAIRS BANKING, HOUSING &URBDEV S.RES. 81D (112TH) EXPENSES OF INQUIRIES AND INVESTIGATIONS",,2088,ok,banner_missing,0,0,0,0.0,0.0,0,0
"BANKING, HOUSING & URBAN AFFAIRS BANKING, HOUSING &URBDEV S.RES. 64B (113TH) EXPENSES OF INQUIRIES AND INVESTIGATIONS",,2089,ok,banner_missing,0,0,0,0.0,0.0,0,0
"BANKING, HOUSING & URBAN AFFAIRS BANKING, HOUSING &URBDEV S.RES. 253B (113TH) EXPENSES OF INQUIRIES AND INVESTIGATIONS",,2090,ok,ok,0,0,0,0.0,0.0,0,0
"BANKING, HOUSING & URBAN AFFAIRS BANKING, HOUSING &URBDEV S.RES. 253C (113TH) EXPENSES OF INQUIRIES AND INVESTIGATIONS",,2091,ok,fail,7,0,7,7213.76,0.0,0,0
"BANKING, HOUSING & URBAN AFFAIRS BANKING, HOUSING &URBDEV S.RES. 73B (114TH) EXPENSES OF INQUIRIES AND INVESTIGATIONS",,2092,ok,fail,97,0,97,2496503.65,0.0,0,0
BUDGET BUDGET - S.RES. 81D (112TH) EXPENSES OF INQUIRIES AND INVESTIGATIONS,,2096,ok,banner_missing,0,0,0,0.0,0.0,0,0
BUDGET BUDGET - S.RES. 64B (113TH) EXPENSES OF INQUIRIES AND INVESTIGATIONS,,2097,ok,banner_missing,0,0,0,0.0,0.0,0,0
BUDGET BUDGET - S.RES. 253B (113TH) EXPENSES OF INQUIRIES AND INVESTIGATIONS,,2098,ok,fail,0,0,0,0.0,0.0,0,0
BUDGET BUDGET - S.RES. 253C (113TH) EXPENSES OF INQUIRIES AND INVESTIGATIONS,,2099,ok,fail,4,0,0,0.0,531.6,0,0
BUDGET BUDGET - S.RES. 73B (114TH) EXPENSES OF INQUIRIES AND INVESTIGATIONS,,2100,ok,fail,99,0,99,2417797.43,0.0,0,0
"COMMERCE, SCIENCE & TRANSPORTATION COMMERCE, SCI & TRANS S.RES. 81D (112TH) EXPENSES OF INQUIRIES AND INVESTIGATIONS",,2103,ok,banner_missing,0,0,0,0.0,0.0,0,0
"COMMERCE, SCIENCE & TRANSPORTATION COMMERCE, SCI & TRANS S.RES. 64B (113TH) EXPENSES OF INQUIRIES AND INVESTIGATIONS",,2104,ok,banner_missing,0,0,0,0.0,0.0,0,0
"COMMERCE, SCIENCE & TRANSPORTATION COMMERCE, SCI & TRANS S.RES. 253B (113TH) EXPENSES OF INQUIRIES AND INVESTIGATIONS",,2105,ok,ok,2,0,2,253.56,0.0,0,0
"COMMERCE, SCIENCE & TRANSPORTATION COMMERCE, SCI & TRANS S.RES. 253C (113TH) EXPENSES OF INQUIRIES AND INVESTIGATIONS",,2106,ok,fail,29,0,29,5438.49,0.0,0,0
"COMMERCE, SCIENCE & TRANSPORTATION COMMERCE, SCI & TRANS S.RES. 73B (114TH) EXPENSES OF INQUIRIES AND INVESTIGATIONS",,2108,ok,fail,179,0,179,3233806.21,0.0,0,0
ENERGY & NATURAL RESOURCES ENERGY & NATURAL S.RES. 81D (112TH) EXPENSES OF INQUIRIES AND INVESTIGATIONS,,2113,ok,banner_missing,0,0,0,0.0,0.0,0,0
ENERGY & NATURAL RESOURCES ENERGY & NATURAL S.RES. 64B (113TH) EXPENSES OF INQUIRIES AND INVESTIGATIONS,,2114,ok,banner_missing,0,0,0,0.0,0.0,0,0
ENERGY & NATURAL RESOURCES ENERGY & NATURAL S.RES. 253B (113TH) EXPENSES OF INQUIRIES AND INVESTIGATIONS,,2115,ok,banner_missing,2,0,2,245.92,0.0,0,0
ENERGY & NATURAL RESOURCES ENERGY & NATURAL S.RES. 253C (113TH) EXPENSES OF INQUIRIES AND INVESTIGATIONS,,2116,ok,fail,8,0,8,1184.48,0.0,0,0
ENERGY & NATURAL RESOURCES ENERGY & NATURAL S.RES. 73B (114TH) EXPENSES OF INQUIRIES AND INVESTIGATIONS,,2117,ok,fail,272,0,272,2399525.75,0.0,0,0
ENVIRONMENT & PUBLIC WORKS ENVIRONMENT & PUB WORKS S.RES. 81D (112TH) EXPENSES OF INQUIRIES AND INVESTIGATIONS,,2126,ok,banner_missing,0,0,0,0.0,0.0,0,0
ENVIRONMENT & PUBLIC WORKS ENVIRONMENT & PUB WORKS S.RES. 64B (113TH) EXPENSES OF INQUIRIES AND INVESTIGATIONS,,2127,ok,banner_missing,0,0,0,0.0,0.0,0,0
ENVIRONMENT & PUBLIC WORKS ENVIRONMENT & PUB WORKS S.RES. 253B (113TH) EXPENSES OF INQUIRIES AND INVESTIGATIONS,,2128,ok,banner_missing,0,0,0,0.0,0.0,0,0
ENVIRONMENT & PUBLIC WORKS ENVIRONMENT & PUB WORKS S.RES. 253C (113TH) EXPENSES OF INQUIRIES AND INVESTIGATIONS,,2129,ok,fail,4,0,0,0.0,491.5,0,0
ENVIRONMENT & PUBLIC WORKS ENVIRONMENT & PUB WORKS S.RES. 73B (114TH) EXPENSES OF INQUIRIES AND INVESTIGATIONS,,2130,ok,fail,168,0,168,2292904.96,0.0,0,0
ETHICS COMMITTEE ON ETHICS - FY 2013 EXPENSES OF INQUIRIES AND INVESTIGATIONS,,2135,ok,banner_missing,0,0,0,0.0,0.0,0,0
ETHICS COMMITTEE ON ETHICS - FY 2014 EXPENSES OF INQUIRIES AND INVESTIGATIONS,,2136,ok,banner_missing,0,0,0,0.0,0.0,0,0
ETHICS COMMITTEE ON ETHICS - FY 2015 EXPENSES OF INQUIRIES AND INVESTIGATIONS,,2137,fail,fail,23,16,23,717246.52,0.0,0,0
FINANCE FINANCE - S.RES. 81D (112TH) EXPENSES OF INQUIRIES AND INVESTIGATIONS,,2139,ok,banner_missing,0,0,0,0.0,0.0,0,0
FINANCE FINANCE - S.RES. 64B (113TH) EXPENSES OF INQUIRIES AND INVESTIGATIONS,,2140,ok,banner_missing,0,0,0,0.0,0.0,0,0
FINANCE FINANCE - S.RES. 253B (113TH) EXPENSES OF INQUIRIES AND INVESTIGATIONS,,2141,ok,ok,1,0,1,126.38,0.0,0,0
FINANCE FINANCE - S.RES. 253C (113TH) EXPENSES OF INQUIRIES AND INVESTIGATIONS,,2142,ok,fail,20,0,18,3465.34,400.0,0,0
FINANCE FINANCE - S.RES. 73B (114TH) EXPENSES OF INQUIRIES AND INVESTIGATIONS,,2144,ok,fail,226,0,226,3882420.31,0.0,0,0
FOREIGN RELATIONS FOREIGN RELATIONS - S.RES. 81D (112TH) EXPENSES OF INQUIRIES AND INVESTIGATIONS,,2151,ok,banner_missing,0,0,0,0.0,0.0,0,0
FOREIGN RELATIONS FOREIGN RELATIONS - S.RES. 64B (113TH) EXPENSES OF INQUIRIES AND INVESTIGATIONS,,2152,ok,banner_missing,0,0,0,0.0,0.0,0,0
FOREIGN RELATIONS FOREIGN RELATIONS - S.RES. 253B (113TH) EXPENSES OF INQUIRIES AND INVESTIGATIONS,,2153,ok,ok,1,0,1,31.0,0.0,0,0
FOREIGN RELATIONS FOREIGN RELATIONS - S.RES. 253C (113TH) EXPENSES OF INQUIRIES AND INVESTIGATIONS,,2154,fail,fail,31,0,31,9468.23,0.0,0,0
FOREIGN RELATIONS FOREIGN RELATIONS - S.RES. 73B (114TH) EXPENSES OF INQUIRIES AND INVESTIGATIONS,,2156,fail,fail,266,75,266,3120054.69,0.0,0,0
HOMELAND SECURITY & GOVERNMENTAL AFFAIRS HOMELAND SEC.& GOV AFF. S.RES. 81D (112TH) EXPENSES OF INQUIRIES AND INVESTIGATIONS,,2164,ok,banner_missing,0,0,0,0.0,0.0,0,0
HOMELAND SECURITY & GOVERNMENTAL AFFAIRS HOMELAND SEC.& GOV AFF. S.RES. 64B (113TH) EXPENSES OF INQUIRIES AND INVESTIGATIONS,,2165,ok,banner_missing,0,0,0,0.0,0.0,0,0
HOMELAND SECURITY & GOVERNMENTAL AFFAIRS HOMELAND SEC.& GOV AFF. S.RES. 253B (113TH) EXPENSES OF INQUIRIES AND INVESTIGATIONS,,2166,ok,banner_missing,0,0,0,0.0,0.0,0,0
HOMELAND SECURITY & GOVERNMENTAL AFFAIRS HOMELAND SEC.& GOV AFF. S.RES. 253C (113TH) EXPENSES OF INQUIRIES AND INVESTIGATIONS,,2167,unchecked,fail,4,0,0,0.0,589.2,0,0
HOMELAND SECURITY & GOVERNMENTAL AFFAIRS HOMELAND SEC.& GOV AFF. S.RES. 73B (114TH) EXPENSES OF INQUIRIES AND INVESTIGATIONS,,2168,fail,fail,243,118,243,4232938.77,0.0,0,0
"HEALTH, EDUCATION, LABOR, AND PENSIONS HEALTH, EDU,LABOR&PENS S.RES. 81D (112TH) EXPENSES OF INQUIRIES AND INVESTIGATIONS",,2175,ok,banner_missing,0,0,0,0.0,0.0,0,0
"HEALTH, EDUCATION, LABOR, AND PENSIONS HEALTH, EDU,LABOR&PENS S.RES. 64B (113TH) EXPENSES OF INQUIRIES AND INVESTIGATIONS",,2176,ok,banner_missing,0,0,0,0.0,0.0,0,0
"HEALTH, EDUCATION, LABOR, AND PENSIONS HEALTH, EDU,LABOR&PENS S.RES. 253B (113TH) EXPENSES OF INQUIRIES AND INVESTIGATIONS",,2177,ok,fail,1,0,1,11.0,0.0,0,0
"HEALTH, EDUCATION, LABOR, AND PENSIONS HEALTH, EDU,LABOR&PENS S.RES. 253C (113TH) EXPENSES OF INQUIRIES AND INVESTIGATIONS",,2178,ok,fail,12,0,12,58993.86,0.0,0,0
"HEALTH, EDUCATION, LABOR, AND PENSIONS HEALTH, EDU,LABOR&PENS S.RES. 73B (114TH) EXPENSES OF INQUIRIES AND INVESTIGATIONS",,2180,ok,fail,246,0,246,4213306.96,0.0,0,0
INDIAN AFFAIRS INDIAN AFFAIRS - S.RES. 81D (112TH) EXPENSES OF INQUIRIES AND INVESTIGATIONS,,2188,ok,banner_missing,0,0,0,0.0,0.0,0,0
INDIAN AFFAIRS INDIAN AFFAIRS - S.RES. 64B (113TH) EXPENSES OF INQUIRIES AND INVESTIGATIONS,,2189,ok,banner_missing,0,0,0,0.0,0.0,0,0
INDIAN AFFAIRS INDIAN AFFAIRS - S.RES. 253B (113TH) EXPENSES OF INQUIRIES AND INVESTIGATIONS,,2190,ok,banner_missing,0,0,0,0.0,0.0,0,0
INDIAN AFFAIRS INDIAN AFFAIRS - S.RES. 253C (113TH) EXPENSES OF INQUIRIES AND INVESTIGATIONS,,2191,ok,banner_missing,13,0,13,2851.56,0.0,0,0
INDIAN AFFAIRS INDIAN AFFAIRS - S.RES. 73B (114TH) EXPENSES OF INQUIRIES AND INVESTIGATIONS,,2192,ok,fail,141,0,141,895138.72,0.0,0,0
INTELLIGENCE SELECT COM ON INTEL - S.RES. 81D (112TH) EXPENSES OF INQUIRIES AND INVESTIGATIONS,,2198,ok,banner_missing,0,0,0,0.0,0.0,0,0
INTELLIGENCE SELECT COM ON INTEL - S.RES. 64B (113TH) EXPENSES OF INQUIRIES AND INVESTIGATIONS,,2199,ok,banner_missing,0,0,0,0.0,0.0,0,0
INTELLIGENCE SELECT COM ON INTEL - S.RES. 253B (113TH) EXPENSES OF INQUIRIES AND INVESTIGATIONS,,2200,ok,banner_missing,0,0,0,0.0,0.0,0,0
INTELLIGENCE SELECT COM ON INTEL - S.RES. 253C (113TH) EXPENSES OF INQUIRIES AND INVESTIGATIONS,,2201,ok,fail,17,0,17,5675.25,0.0,0,0
INTELLIGENCE SELECT COM ON INTEL - S.RES. 73B (114TH) EXPENSES OF INQUIRIES AND INVESTIGATIONS,,2203,ok,fail,70,0,70,2668819.91,0.0,0,0
INTELLIGENCE SELECT COM ON INTEL - P.L. 113-76 (10/13-9/14) EXPENSES OF INQUIRIES AND INVESTIGATIONS,,2206,ok,banner_missing,0,0,0,0.0,0.0,0,0
INTELLIGENCE SEL COM ON INTEL-P.L. 113-76 (10/14-2/15) EXPENSES OF INQUIRIES AND INVESTIGATIONS,,2207,ok,banner_missing,0,0,0,0.0,0.0,0,0
INTELLIGENCE SEL COM ON INTEL-P.L. 113-76 (03-09/2015) EXPENSES OF INQUIRIES AND INVESTIGATIONS,,2208,ok,ok,3,0,3,176390.19,0.0,0,0
JUDICIARY JUDICIARY - S.RES. 81D (112TH) EXPENSES OF INQUIRIES AND INVESTIGATIONS,,2209,ok,banner_missing,0,0,0,0.0,0.0,0,0
JUDICIARY JUDICIARY - S.RES. 64B (113TH) EXPENSES OF INQUIRIES AND INVESTIGATIONS,,2210,ok,banner_missing,0,0,0,0.0,0.0,0,0
JUDICIARY JUDICIARY - S.RES. 253B (113TH) EXPENSES OF INQUIRIES AND INVESTIGATIONS,,2211,ok,fail,0,0,0,0.0,0.0,0,0
JUDICIARY JUDICIARY - S.RES. 253C (113TH) EXPENSES OF INQUIRIES AND INVESTIGATIONS,,2212,ok,fail,8,0,8,1842.52,0.0,0,0
JUDICIARY JUDICIARY - S.RES. 73B (114TH) EXPENSES OF INQUIRIES AND INVESTIGATIONS,,2213,ok,fail,238,0,238,4185738.09,0.0,0,0
RULES & ADMINISTRATION RULES & ADMINISTRATION S.RES. 81D(112TH) EXPENSES OF INQUIRIES AND INVESTIGATIONS,,2219,ok,banner_missing,0,0,0,0.0,0.0,0,0
RULES & ADMINISTRATION RULES & ADMINISTRATION S.RES. 64B(113TH) EXPENSES OF INQUIRIES AND INVESTIGATIONS,,2220,ok,banner_missing,0,0,0,0.0,0.0,0,0
RULES & ADMINISTRATION RULES & ADMINISTRATION S.RES. 253B(113TH) EXPENSES OF INQUIRIES AND INVESTIGATIONS,,2221,ok,banner_missing,0,0,0,0.0,0.0,0,0
RULES & ADMINISTRATION RULES & ADMINISTRATION S.RES. 253C(113TH) EXPENSES OF INQUIRIES AND INVESTIGATIONS,,2222,ok,banner_missing,7,0,7,11229.88,0.0,0,0
RULES & ADMINISTRATION RULES & ADMINISTRATION S.RES. 73B(114TH) EXPENSES OF INQUIRIES AND INVESTIGATIONS,,2223,ok,fail,37,0,37,1040921.16,0.0,0,0
SMALL BUSINESS AND ENTREPRENEURSHIP SMALL BUS & ENTREP.- S.RES. 81D (112TH) EXPENSES OF INQUIRIES AND INVESTIGATIONS,,2225,ok,banner_missing,0,0,0,0.0,0.0,0,0
SMALL BUSINESS AND ENTREPRENEURSHIP SMALL BUS & ENTREP.- S.RES. 64B (113TH) EXPENSES OF INQUIRIES AND INVESTIGATIONS,,2226,ok,banner_missing,1,0,1,5.0,0.0,0,0
SMALL BUSINESS AND ENTREPRENEURSHIP SMALL BUS & ENTREP.- S.RES. 253B (113TH) EXPENSES OF INQUIRIES AND INVESTIGATIONS,,2227,ok,banner_missing,0,0,0,0.0,0.0,0,0
SMALL BUSINESS AND ENTREPRENEURSHIP SMALL BUS & ENTREP.- S.RES. 253C (113TH) EXPENSES OF INQUIRIES AND INVESTIGATIONS,,2228,ok,fail,2,0,2,873.0,0.0,0,0
SMALL BUSINESS AND ENTREPRENEURSHIP SMALL BUS & ENTREP.- S.RES. 73B (114TH) EXPENSES OF INQUIRIES AND INVESTIGATIONS,,2229,ok,fail,156,0,156,1054004.57,0.0,0,0
SPECIAL COMMITTEE ON AGING SPECIAL COM ON AGING S.RES. 81D (112TH) EXPENSES OF INQUIRIES AND INVESTIGATIONS,,2235,ok,banner_missing,0,0,0,0.0,0.0,0,0
SPECIAL COMMITTEE ON AGING SPECIAL COM ON AGING S.RES. 64B (113TH) EXPENSES OF INQUIRIES AND INVESTIGATIONS,,2236,ok,banner_missing,0,0,0,0.0,0.0,0,0
SPECIAL COMMITTEE ON AGING SPECIAL COM ON AGING S.RES. 253B (113TH) EXPENSES OF INQUIRIES AND INVESTIGATIONS,,2237,ok,banner_missing,0,0,0,0.0,0.0,0,0
SPECIAL COMMITTEE ON AGING SPECIAL COM ON AGING S.RES. 253C (113TH) EXPENSES OF INQUIRIES AND INVESTIGATIONS,,2238,ok,banner_missing,7,0,7,1833.73,0.0,0,0
SPECIAL COMMITTEE ON AGING SPECIAL COM ON AGING S.RES. 73B (114TH) EXPENSES OF INQUIRIES AND INVESTIGATIONS,,2239,ok,fail,80,0,80,835797.46,0.0,0,0
VETERANS' AFFAIRS VETERANS' AFFAIRS - S.RES. 81D (112TH) EXPENSES OF INQUIRIES AND INVESTIGATIONS,,2242,ok,banner_missing,0,0,0,0.0,0.0,0,0
VETERANS' AFFAIRS VETERANS' AFFAIRS - S.RES. 64B (113TH) EXPENSES OF INQUIRIES AND INVESTIGATIONS,,2243,ok,banner_missing,0,0,0,0.0,0.0,0,0
VETERANS' AFFAIRS VETERANS' AFFAIRS - S.RES. 253B (113TH) EXPENSES OF INQUIRIES AND INVESTIGATIONS,,2244,ok,banner_missing,0,0,0,0.0,0.0,0,0
VETERANS' AFFAIRS VETERANS' AFFAIRS - S.RES. 253C (113TH) EXPENSES OF INQUIRIES AND INVESTIGATIONS,,2245,ok,banner_missing,4,0,4,22244.84,0.0,0,0
VETERANS' AFFAIRS VETERANS' AFFAIRS - S.RES. 73B (114TH) EXPENSES OF INQUIRIES AND INVESTIGATIONS,,2246,ok,fail,105,0,105,978276.16,0.0,0,0
SPECIAL RESERVES - COMMITTEES SPECIAL RESERVES - S.RES. 81D (112TH) EXPENSES OF INQUIRIES AND INVESTIGATIONS,,2250,ok,banner_missing,0,0,0,0.0,0.0,0,0
SPECIAL RESERVES - COMMITTEES SPECIAL RESERVES - S.RES. 64B (113TH) EXPENSES OF INQUIRIES AND INVESTIGATIONS,,2251,ok,banner_missing,0,0,0,0.0,0.0,0,0
SPECIAL RESERVES - COMMITTEES SPECIAL RESERVES - S.RES. 253B (113TH) EXPENSES OF INQUIRIES AND INVESTIGATIONS,,2252,ok,banner_missing,0,0,0,0.0,0.0,0,0
SPECIAL RESERVES - COMMITTEES SPECIAL RESERVES - S.RES. 253C (113TH) EXPENSES OF INQUIRIES AND INVESTIGATIONS,,2253,ok,banner_missing,0,0,0,0.0,0.0,0,0
SPECIAL RESERVES - COMMITTEES SPECIAL RESERVES - S.RES. 73B (114TH) EXPENSES OF INQUIRIES AND INVESTIGATIONS,,2254,ok,banner_missing,0,0,0,0.0,0.0,0,0
COMPENSATION OF MEMBERS,2015,2255,ok,banner_missing,0,0,0,0.0,0.0,0,1
COMPENSATION OF MEMBERS,2014,2258,ok,banner_missing,0,0,0,0.0,0.0,0,1
COMPENSATION OF MEMBERS,2013,2259,ok,banner_missing,0,0,0,0.0,0.0,0,1
