office,funding_year,start_page,status,banner_status,record_count,page_count,continuation_page_count,subtotal_count,rows_quarantined,records_checked,dollars_checked,dollars_unchecked,amount_parse_failures,pages_skipped
CHAIRMAN MAJORITY CONFERENCE COMMITTEE (D),2010,17,ok,not_applicable,0,1,0,0,0,0,0.0,0.0,0,0
CHAIRMAN MAJORITY CONFERENCE COMMITTEE (D),2011,18,ok,not_applicable,0,1,0,0,0,0,0.0,0.0,0,0
CHAIRMAN MAJORITY CONFERENCE COMMITTEE (D),2012,19,ok,not_applicable,0,1,0,0,0,0,0.0,0.0,0,0
CHAIRMAN MAJORITY POLICY COMMITTEE (D),2010,20,ok,not_applicable,0,1,0,0,0,0,0.0,0.0,0,0
CHAIRMAN MAJORITY POLICY COMMITTEE (D),2011,21,ok,not_applicable,0,1,0,0,0,0,0.0,0.0,0,0
CHAIRMAN MAJORITY POLICY COMMITTEE (D),2012,22,ok,warn,0,1,0,0,0,0,0.0,0.0,0,0
MAJORITY LEADER (D),2010,23,ok,not_applicable,0,1,0,0,0,0,0.0,0.0,0,0
MAJORITY LEADER (D),2011,24,ok,warn,0,1,0,0,0,0,0.0,0.0,0,0
MAJORITY LEADER (D),2012,25,ok,warn,0,1,0,0,0,0,0.0,0.0,0,0
MAJORITY WHIP (D),2010,26,ok,not_applicable,0,1,0,0,0,0,0.0,0.0,0,0
MAJORITY WHIP (D),2011,27,ok,not_applicable,0,1,0,0,0,0,0.0,0.0,0,0
MAJORITY WHIP (D),2012,28,ok,warn,0,1,0,0,0,0,0.0,0.0,0,0
OFFICE OF THE VICE PRESIDENT (D) - BIDEN,2010,29,ok,not_applicable,0,1,0,0,0,0,0.0,0.0,0,0
OFFICE OF THE VICE PRESIDENT (D) - BIDEN,2011,30,ok,not_applicable,0,1,0,0,0,0,0.0,0.0,0,0
OFFICE OF THE VICE PRESIDENT (D) - BIDEN,2012,31,ok,warn,0,1,0,0,0,0,0.0,0.0,0,0
PRESIDENT PRO TEMPORE (D),2010,32,ok,not_applicable,0,1,0,0,0,0,0.0,0.0,0,0
PRESIDENT PRO TEMPORE (D),2011,33,ok,banner_missing,0,1,0,0,0,0,0.0,0.0,0,0
PRESIDENT PRO TEMPORE (D),2012,34,ok,warn,0,1,0,2,0,0,0.0,0.0,0,0
MINORITY LEADER (R),2010,35,ok,not_applicable,0,1,0,0,0,0,0.0,0.0,0,0
MINORITY LEADER (R),2011,36,ok,not_applicable,0,1,0,0,0,0,0.0,0.0,0,0
MINORITY LEADER (R),2012,37,ok,warn,0,1,0,0,0,0,0.0,0.0,0,0
MINORITY WHIP (R),2010,38,ok,not_applicable,0,1,0,0,0,0,0.0,0.0,0,0
MINORITY WHIP (R),2011,39,ok,not_applicable,0,1,0,0,0,0,0.0,0.0,0,0
MINORITY WHIP (R),2012,40,ok,not_applicable,0,1,0,0,0,0,0.0,0.0,0,0
CHAIRMAN MINORITY CONFERENCE COMMITTEE (R),2010,41,ok,not_applicable,0,1,0,0,0,0,0.0,0.0,0,0
CHAIRMAN MINORITY CONFERENCE COMMITTEE (R),2011,42,ok,not_applicable,0,1,0,0,0,0,0.0,0.0,0,0
CHAIRMAN MINORITY CONFERENCE COMMITTEE (R),2012,43,ok,not_applicable,0,1,0,0,0,0,0.0,0.0,0,0
CHAIRMAN MINORITY POLICY COMMITTEE (R),2010,44,ok,not_applicable,0,1,0,0,0,0,0.0,0.0,0,0
CHAIRMAN MINORITY POLICY COMMITTEE (R),2011,45,ok,not_applicable,0,1,0,0,0,0,0.0,0.0,0,0
CHAIRMAN MINORITY POLICY COMMITTEE (R),2012,46,ok,warn,0,1,0,0,0,0,0.0,0.0,0,0
MAJORITY LEADER (D),2010,47,ok,not_applicable,0,1,0,0,0,0,0.0,0.0,0,0
MAJORITY LEADER (D),2011,48,ok,not_applicable,0,1,0,0,0,0,0.0,0.0,0,0
MAJORITY LEADER (D),2012,49,ok,not_applicable,0,1,0,0,0,0,0.0,0.0,0,0
MINORITY LEADER (R),2010,50,ok,not_applicable,0,1,0,0,0,0,0.0,0.0,0,0
MINORITY LEADER (R),2011,51,ok,not_applicable,0,1,0,0,0,0,0.0,0.0,0,0
MINORITY LEADER (R),2012,52,ok,not_applicable,0,1,0,0,0,0,0.0,0.0,0,0
APPROPRIATIONS,2010,53,ok,banner_missing,0,1,0,0,0,0,0.0,0.0,0,0
APPROPRIATIONS,2011,54,ok,banner_missing,0,1,0,0,0,0,0.0,0.0,0,0
APPROPRIATIONS,2012,55,ok,ok,102,3,2,2,0,0,0.0,6004786.66,0,0
CHAPLAIN,2010,58,ok,banner_missing,0,1,0,0,0,0,0.0,0.0,0,0
CHAPLAIN,2011,59,ok,banner_missing,0,1,0,0,0,0,0.0,0.0,0,0
CHAPLAIN,2012,60,ok,ok,4,1,0,2,0,0,0.0,201349.8,0,0
MAJORITY CONFERENCE COMMITTEE (D),2010,61,ok,banner_missing,0,1,0,0,0,0,0.0,0.0,0,0
MAJORITY CONFERENCE COMMITTEE (D),2011,62,ok,banner_missing,0,1,0,0,0,0,0.0,0.0,0,0
MAJORITY CONFERENCE COMMITTEE (D),2012,63,ok,ok,29,1,0,3,0,0,0.0,702709.81,0,0
MAJORITY POLICY COMMITTEE (D),2010,64,ok,banner_missing,0,1,0,0,0,0,0.0,0.0,0,0
MAJORITY POLICY COMMITTEE (D),2011,65,ok,banner_missing,0,1,0,0,0,0,0.0,0.0,0,0
MAJORITY POLICY COMMITTEE (D),2012,66,ok,fail,23,1,0,3,0,0,0.0,717498.13,0,0
MAJORITY LEADER (D),2010,67,ok,banner_missing,0,1,0,0,0,0,0.0,0.0,0,0
MAJORITY LEADER (D),2011,68,ok,banner_missing,0,1,0,0,0,0,0.0,0.0,0,0
MAJORITY LEADER (D),2012,69,ok,fail,33,2,1,3,0,0,0.0,1231184.09,0,0
"SECRETARY, MAJORITY CONFERENCE COMM (D)",2010,71,ok,banner_missing,0,1,0,0,0,0,0.0,0.0,0,0
"SECRETARY, MAJORITY CONFERENCE COMM (D)",2011,72,ok,banner_missing,0,1,0,0,0,0,0.0,0.0,0,0
"SECRETARY, MAJORITY CONFERENCE COMM (D)",2012,73,ok,ok,4,1,0,2,0,0,0.0,184479.44,0,0
MAJORITY WHIP (D),2010,74,ok,banner_missing,0,1,0,0,0,0,0.0,0.0,0,0
MAJORITY WHIP (D),2011,75,ok,banner_missing,0,1,0,0,0,0,0.0,0.0,0,0
MAJORITY WHIP (D),2012,76,ok,ok,30,1,0,2,0,0,0.0,861803.74,0,0
OFFICE OF THE VICE PRESIDENT (D) - BIDEN,2010,77,ok,banner_missing,0,1,0,0,0,0,0.0,0.0,0,0
OFFICE OF THE VICE PRESIDENT (D) - BIDEN,2011,78,ok,banner_missing,0,1,0,0,0,0,0.0,0.0,0,0
OFFICE OF THE VICE PRESIDENT (D) - BIDEN,2012,79,ok,fail,37,2,1,2,0,0,0.0,1097614.02,0,0
PRESIDENT PRO TEMPORE (D),2010,81,ok,banner_missing,0,1,0,0,0,0,0.0,0.0,0,0
PRESIDENT PRO TEMPORE (D),2011,82,ok,banner_missing,0,1,0,0,0,0,0.0,0.0,0,0
PRESIDENT PRO TEMPORE (D),2012,83,ok,ok,4,1,0,2,0,0,0.0,77433.15,0,0
MINORITY LEADER (R),2010,84,ok,banner_missing,0,1,0,0,0,0,0.0,0.0,0,0
MINORITY LEADER (R),2011,85,ok,banner_missing,0,1,0,0,0,0,0.0,0.0,0,0
MINORITY LEADER (R),2012,86,ok,ok,24,1,0,2,0,0,0.0,825947.84,0,0
"SECRETARY, MINORITY CONFERENCE COMM (R)",2010,87,ok,banner_missing,0,1,0,0,0,0,0.0,0.0,0,0
"SECRETARY, MINORITY CONFERENCE COMM (R)",2011,88,ok,banner_missing,0,1,0,0,0,0,0.0,0.0,0,0
"SECRETARY, MINORITY CONFERENCE COMM (R)",2012,89,ok,ok,4,1,0,2,0,0,0.0,132799.71,0,0
MINORITY WHIP (R),2010,90,ok,banner_missing,0,1,0,0,0,0,0.0,0.0,0,0
MINORITY WHIP (R),2011,91,ok,banner_missing,0,1,0,0,0,0,0.0,0.0,0,0
MINORITY WHIP (R),2012,92,ok,ok,13,1,0,2,0,0,0.0,599980.13,0,0
MINORITY CONFERENCE COMMITTEE (R),2010,93,ok,banner_missing,0,1,0,0,0,0,0.0,0.0,0,0
MINORITY CONFERENCE COMMITTEE (R),2011,94,ok,banner_missing,0,1,0,0,0,0,0.0,0.0,0,0
MINORITY CONFERENCE COMMITTEE (R),2012,95,ok,ok,22,1,0,2,0,0,0.0,764961.73,0,0
MINORITY POLICY COMMITTEE (R),2010,96,ok,banner_missing,0,1,0,0,0,0,0.0,0.0,0,0
MINORITY POLICY COMMITTEE (R),2011,97,ok,banner_missing,0,1,0,0,0,0,0.0,0.0,0,0
MINORITY POLICY COMMITTEE (R),2012,98,ok,ok,21,1,0,2,0,0,0.0,797124.92,0,0
SECRETARY FOR THE MAJORITY (D),2010,99,ok,banner_missing,0,1,0,0,0,0,0.0,0.0,0,0
SECRETARY FOR THE MAJORITY (D),2011,100,ok,banner_missing,0,1,0,0,0,0,0.0,0.0,0,0
SECRETARY FOR THE MAJORITY (D),2012,101,ok,ok,13,1,0,2,0,0,0.0,421398.73,0,0
SECRETARY FOR THE MINORITY (R),2010,102,ok,banner_missing,0,1,0,0,0,0,0.0,0.0,0,0
SECRETARY FOR THE MINORITY (R),2011,103,ok,banner_missing,0,1,0,0,0,0,0.0,0.0,0,0
SECRETARY FOR THE MINORITY (R),2012,104,ok,ok,11,1,0,2,0,0,0.0,375865.68,0,0
SGT @ ARMS - CENTRAL OPERATIONS,2010,105,ok,banner_missing,0,1,0,0,0,0,0.0,0.0,0,0
SGT @ ARMS - CAPITOL DIVISION,2010,106,ok,banner_missing,0,1,0,0,0,0,0.0,0.0,0,0
SGT @ ARMS - IT SUPPORT SERVICES,2010,107,ok,banner_missing,0,1,0,0,0,0,0.0,0.0,0,0
SGT @ ARMS - STAFF OFFICES,2010,108,ok,banner_missing,0,1,0,0,0,0,0.0,0.0,0,0
SGT @ ARMS - TECHNOLOGY DEVELOPMENT SERVICES,2010,109,ok,banner_missing,0,1,0,0,0,0,0.0,0.0,0,0
SGT @ ARMS - CENTRAL OPERATIONS,2011,110,ok,warn,0,1,0,2,0,0,0.0,0.0,0,0
SGT @ ARMS - CAPITOL DIVISION,2011,111,ok,banner_missing,0,1,0,0,0,0,0.0,0.0,0,0
SGT @ ARMS - IT SUPPORT SERVICES,2011,112,ok,banner_missing,0,1,0,0,0,0,0.0,0.0,0,0
SGT @ ARMS - STAFF OFFICES,2011,113,ok,banner_missing,0,1,0,0,0,0,0.0,0.0,0,0
SGT @ ARMS - TECHNOLOGY DEVELOPMENT SERVICES,2011,114,ok,banner_missing,0,1,0,0,0,0,0.0,0.0,0,0
SGT @ ARMS - CENTRAL OPERATIONS,2012,115,ok,ok,315,6,5,3,0,0,0.0,9843972.7,0,0
SGT @ ARMS - CAPITOL DIVISION,2012,121,fail,fail,415,8,7,4,0,0,0.0,9990700.87,0,0
SGT @ ARMS - IT SUPPORT SERVICES,2012,129,ok,ok,114,3,2,3,0,0,0.0,4201492.76,0,0
SGT @ ARMS - STAFF OFFICES,2012,132,ok,ok,123,3,2,3,0,0,0.0,5173331.7,0,0
SGT @ ARMS - TECHNOLOGY DEVELOPMENT SERVICES,2012,135,ok,ok,140,3,2,3,0,0,0.0,7648590.24,0,0
SECRETARY OF THE SENATE - ADMINISTRATIVE SERV.,2010,138,ok,banner_missing,0,1,0,0,0,0,0.0,0.0,0,0
SECRETARY OF THE SENATE - EXECUTIVE OFFICE,2010,139,ok,banner_missing,0,1,0,0,0,0,0.0,0.0,0,0
SECRETARY OF THE SENATE - LEGISLATIVE SERVICES,2010,140,ok,banner_missing,0,1,0,0,0,0,0.0,0.0,0,0
SECRETARY OF THE SENATE - ADMINISTRATIVE SERV.,2011,141,ok,banner_missing,0,1,0,0,0,0,0.0,0.0,0,0
SECRETARY OF THE SENATE - EXECUTIVE OFFICE,2011,142,ok,banner_missing,0,1,0,0,0,0,0.0,0.0,0,0
SECRETARY OF THE SENATE - LEGISLATIVE SERVICES,2011,143,ok,banner_missing,0,1,0,0,0,0,0.0,0.0,0,0
SECRETARY OF THE SENATE - ADMINISTRATIVE SERV.,2012,144,ok,fail,166,4,3,3,0,0,0.0,6691776.44,0,0
SECRETARY OF THE SENATE - EXECUTIVE OFFICE,2012,148,ok,ok,51,2,1,3,0,0,0.0,1597043.63,0,0
SECRETARY OF THE SENATE - LEGISLATIVE SERVICES,2012,150,ok,ok,45,2,1,2,0,0,0.0,2623377.48,0,0
APPROPRIATIONS,2010,152,ok,banner_missing,0,1,0,0,0,0,0.0,0.0,0,0
APPROPRIATIONS,2011,153,ok,banner_missing,0,1,0,0,0,0,0.0,0.0,0,0
APPROPRIATIONS,,154,ok,warn,64,2,1,1,0,64,30201.1,0.0,0,0
CHAPLAIN,2010,156,ok,banner_missing,0,1,0,0,0,0,0.0,0.0,0,0
CHAPLAIN,2011,157,ok,banner_missing,0,1,0,0,0,0,0.0,0.0,0,0
CHAPLAIN,,158,ok,warn,13,1,0,4,0,13,573.2,0.0,0,0
MAJORITY CONFERENCE COMMITTEE (D),2010,159,ok,banner_missing,0,1,0,0,0,0,0.0,0.0,0,0
MAJORITY CONFERENCE COMMITTEE (D),2011,160,ok,banner_missing,0,1,0,0,0,0,0.0,0.0,0,0
MAJORITY CONFERENCE COMMITTEE (D),2012,161,ok,not_applicable,0,1,0,0,0,0,0.0,0.0,0,0
MAJORITY CONFERENCE COMMITTEE (D),,162,ok,warn,59,2,1,5,0,59,26791.21,0.0,0,0
MAJORITY POLICY COMMITTEE (D),2010,164,ok,banner_missing,0,1,0,0,0,0,0.0,0.0,0,0
MAJORITY POLICY COMMITTEE (D),2011,165,ok,banner_missing,1,1,0,1,0,1,27442.65,0.0,0,0
MAJORITY POLICY COMMITTEE (D),2012,166,ok,not_applicable,0,1,0,0,0,0,0.0,0.0,0,0
MAJORITY POLICY COMMITTEE (D),,167,ok,warn,30,2,1,5,0,30,12383.77,0.0,0,0
MAJORITY LEADER (D),2010,169,ok,not_applicable,0,1,0,0,0,0,0.0,0.0,0,0
MAJORITY LEADER (D),2011,170,ok,not_applicable,1,1,0,1,0,1,4476.71,0.0,0,0
MAJORITY WHIP (D),2010,171,ok,not_applicable,0,1,0,0,0,0,0.0,0.0,0,0
MINORITY LEADER (R),2010,172,ok,banner_missing,0,1,0,0,0,0,0.0,0.0,0,0
MINORITY LEADER (R),2011,173,ok,banner_missing,0,1,0,0,0,0,0.0,0.0,0,0
MINORITY LEADER (R),2012,174,ok,warn,13,1,0,5,0,13,2462.67,0.0,0,0
"SECRETARY, MINORITY CONFERENCE COMM (R)",2010,175,ok,banner_missing,0,1,0,0,0,0,0.0,0.0,0,0
"SECRETARY, MINORITY CONFERENCE COMM (R)",2011,176,ok,not_applicable,0,1,0,0,0,0,0.0,0.0,0,0
"SECRETARY, MINORITY CONFERENCE COMM (R)",2012,177,ok,not_applicable,0,1,0,0,0,0,0.0,0.0,0,0
MINORITY WHIP (R),2010,178,ok,not_applicable,0,1,0,0,0,0,0.0,0.0,0,0
MINORITY WHIP (R),2011,179,ok,not_applicable,0,1,0,0,0,0,0.0,0.0,0,0
MINORITY WHIP (R),2012,180,ok,warn,4,1,0,4,0,4,534.22,0.0,0,0
MINORITY CONFERENCE COMMITTEE (R),2010,181,ok,banner_missing,0,1,0,0,0,0,0.0,0.0,0,0
MINORITY CONFERENCE COMMITTEE (R),2011,182,ok,warn,1,1,0,1,0,1,2300.0,0.0,0,0
MINORITY CONFERENCE COMMITTEE (R),2012,183,ok,warn,1,1,0,3,0,1,58.28,0.0,0,0
MINORITY CONFERENCE COMMITTEE (R),,184,ok,warn,22,2,1,5,0,22,7372.25,0.0,0,0
MINORITY POLICY COMMITTEE (R),2010,186,ok,banner_missing,0,1,0,0,0,0,0.0,0.0,0,0
MINORITY POLICY COMMITTEE (R),2011,187,ok,warn,0,1,0,0,0,0,0.0,0.0,0,0
MINORITY POLICY COMMITTEE (R),,188,ok,warn,8,1,0,4,0,8,2353.97,0.0,0,0
SENATE CHILD CARE CENTER,2010,189,ok,banner_missing,0,1,0,0,0,0,0.0,0.0,0,0
SENATE CHILD CARE CENTER,2011,190,ok,banner_missing,0,1,0,0,0,0,0.0,0.0,0,0
SENATE CHILD CARE CENTER,,191,fail,fail,5,1,0,6,0,5,2076.0,0.0,0,0
CONSULTANTS,2010,192,ok,banner_missing,0,1,0,0,0,0,0.0,0.0,0,0
CONSULTANTS,2011,193,ok,banner_missing,0,1,0,0,0,0,0.0,0.0,0,0
CONSULTANTS,,194,fail,fail,20,1,0,4,0,0,0.0,1471616.83,0,0
EMPLOYEE COMPENSATION FUND,2010,195,ok,banner_missing,0,1,0,0,0,0,0.0,0.0,0,0
EMPLOYEE COMPENSATION FUND,2011,196,ok,banner_missing,0,1,0,0,0,0,0.0,0.0,0,0
EMPLOYEE COMPENSATION FUND,,197,ok,banner_missing,0,1,0,0,0,0,0.0,0.0,0,0
FEDERAL EMPLOYEES COMPENSATION ACCOUNT,2010,198,ok,banner_missing,0,1,0,0,0,0,0.0,0.0,0,0
FEDERAL EMPLOYEES COMPENSATION ACCOUNT,2011,199,ok,banner_missing,0,1,0,0,0,0,0.0,0.0,0,0
FEDERAL EMPLOYEES COMPENSATION ACCOUNT,,200,ok,ok,0,1,0,2,0,0,0.0,0.0,0,0
FOREIGN TRAVEL - MEMBERS & EMPLOYEES,2010,201,ok,not_applicable,0,1,0,0,0,0,0.0,0.0,0,0
FOREIGN TRAVEL - MEMBERS & EMPLOYEES,2011,202,ok,not_applicable,2,1,0,1,0,2,53.0,0.0,0,0
FOREIGN TRAVEL - MEMBERS & EMPLOYEES,,203,ok,not_applicable,11,1,0,1,0,11,3058.01,0.0,0,0
JOHN HEINZ FELLOWSHIP PROGRAM,2010,204,ok,banner_missing,0,1,0,0,0,0,0.0,0.0,0,0
POSTAGE,2010,205,ok,not_applicable,0,1,0,0,0,0,0.0,0.0,0,0
POSTAGE,2011,206,ok,not_applicable,0,1,0,0,0,0,0.0,0.0,0,0
POSTAGE,,207,ok,not_applicable,0,1,0,0,0,0,0.0,0.0,0,0
MOBILE COMMUNICATIONS DEVICES,2010,208,ok,not_applicable,0,1,0,0,0,0,0.0,0.0,0,0
MOBILE COMMUNICATIONS DEVICES,2011,209,ok,not_applicable,0,1,0,0,0,0,0.0,0.0,0,0
MOBILE COMMUNICATIONS DEVICES,,210,ok,warn,3,1,0,1,0,3,668.97,0.0,0,0
RESERVE FOR CONTINGENCIES,2010,211,ok,banner_missing,2,1,0,1,0,2,718419.98,0.0,0,0
RESERVE FOR CONTINGENCIES,2011,212,ok,banner_missing,0,1,0,0,0,0,0.0,0.0,0,0
RESERVE FOR CONTINGENCIES,,213,ok,fail,6,1,0,3,0,6,320772.01,0.0,0,0
RECEPTION OF FOREIGN DIGNITARIES,2010,214,ok,not_applicable,0,1,0,0,0,0,0.0,0.0,0,0
RECEPTION OF FOREIGN DIGNITARIES,2011,215,ok,not_applicable,0,1,0,0,0,0,0.0,0.0,0,0
RECEPTION OF FOREIGN DIGNITARIES,,216,ok,not_applicable,12,1,0,1,0,12,3175.0,0.0,0,0
RESOLUTION & REORGANIZATION RESERVE,2010,217,ok,banner_missing,0,1,0,0,0,0,0.0,0.0,0,0
RESOLUTION & REORGANIZATION RESERVE,2011,218,fail,fail,0,1,0,3,0,0,0.0,0.0,0,0
RESOLUTION & REORGANIZATION RESERVE,,219,ok,ok,2,1,0,4,0,2,942.0,0.0,0,0
JOINT SELECT COMMITTEE ON DEFICIT REDUCTION,2011,220,ok,banner_missing,0,1,0,0,0,0,0.0,0.0,0,0
JOINT SELECT COMMITTEE ON DEFICIT REDUCTION,,221,ok,warn,3,1,0,1,0,0,0.0,97580.22,0,0
NATL SECURITY GRP-MAJ ADMIN CO-CHAIR (KERRY),2010,222,ok,banner_missing,0,1,0,0,0,0,0.0,0.0,0,0
NATL SECURITY GRP-MAJ ADMIN CO-CHAIR (KERRY),2011,223,ok,banner_missing,0,1,0,0,0,0,0.0,0.0,0,0
NATL SECURITY GRP-MAJ ADMIN CO-CHAIR (KERRY),,224,ok,warn,0,1,0,2,0,0,0.0,0.0,0,0
NATL SECURITY WORKING GRP-MAJ CO-CHAIR (LEVIN),2010,225,ok,banner_missing,0,1,0,0,0,0,0.0,0.0,0,0
NATL SECURITY WORKING GRP-MAJ CO-CHAIR (LEVIN),2011,226,ok,banner_missing,0,1,0,0,0,0,0.0,0.0,0,0
NATL SECURITY WORKING GRP-MAJ CO-CHAIR (LEVIN),,227,ok,warn,0,1,0,2,0,0,0.0,0.0,0,0
NATL SECURITY WORKING GRP-MAJ CO-CHAIR (INOUYE),2010,228,ok,banner_missing,0,1,0,0,0,0,0.0,0.0,0,0
NATL SECURITY WORKING GRP-MAJ CO-CHAIR (INOUYE),2011,229,ok,not_applicable,0,1,0,0,0,0,0.0,0.0,0,0
NATL SECURITY WORKING GRP-MAJ CO-CHAIR (INOUYE),,230,ok,not_applicable,0,1,0,0,0,0,0.0,0.0,0,0
NATL SECURITY WORKING GRP-MAJ CO-CHAIR (LAUTENBERG),2010,231,ok,banner_missing,0,1,0,0,0,0,0.0,0.0,0,0
NATL SECURITY WORKING GRP-MAJ CO-CHAIR (LAUTENBERG),2011,232,ok,banner_missing,0,1,0,0,0,0,0.0,0.0,0,0
NATL SECURITY WORKING GRP-MAJ CO-CHAIR (LAUTENBERG),,233,ok,not_applicable,0,1,0,0,0,0,0.0,0.0,0,0
NATL SECURITY WORKING GRP-MAJ LEADER (REID),2010,234,ok,banner_missing,0,1,0,0,0,0,0.0,0.0,0,0
NATL SECURITY WORKING GRP-MAJ LEADER (REID),2011,235,ok,banner_missing,0,1,0,0,0,0,0.0,0.0,0,0
NATL SECURITY WORKING GRP-MAJ LEADER (REID),,236,ok,warn,0,1,0,2,0,0,0.0,0.0,0,0
NATL SECURITY WORKING GRP-MIN ADM. CO-CHAIR (KYL),2010,237,ok,banner_missing,0,1,0,0,0,0,0.0,0.0,0,0
NATL SECURITY WORKING GRP-MIN ADM. CO-CHAIR (KYL),2011,238,ok,banner_missing,0,1,0,0,0,0,0.0,0.0,0,0
NATL SECURITY WORKING GRP-MIN ADM. CO-CHAIR (KYL),,239,ok,warn,0,1,0,2,0,0,0.0,0.0,0,0
NATL SECURITY WORKING GRP-MIN CO-CHAIR (L. GRAHAM),2010,240,ok,banner_missing,0,1,0,0,0,0,0.0,0.0,0,0
NATL SECURITY WORKING GRP-MIN CO-CHAIR (L. GRAHAM),2011,241,ok,banner_missing,0,1,0,0,0,0,0.0,0.0,0,0
NATL SECURITY WORKING GRP-MIN CO-CHAIR (L. GRAHAM),,242,ok,warn,0,1,0,2,0,0,0.0,0.0,0,0
NATL SECURITY WORKING GRP-MIN LEADER (MCCONNELL),2010,243,ok,not_applicable,0,1,0,0,0,0,0.0,0.0,0,0
NATL SECURITY WORKING GRP-MIN LEADER (MCCONNELL),2011,244,ok,not_applicable,0,1,0,0,0,0,0.0,0.0,0,0
NATL SECURITY WORKING GRP-MIN LEADER (MCCONNELL),,245,ok,not_applicable,0,1,0,0,0,0,0.0,0.0,0,0
NATL SECURITY WORKING GRP-MIN CO-CHAIR (COCHRAN),2010,246,ok,banner_missing,0,1,0,0,0,0,0.0,0.0,0,0
NATL SECURITY WORKING GRP-MIN CO-CHAIR (COCHRAN),2011,247,ok,banner_missing,0,1,0,0,0,0,0.0,0.0,0,0
NATL SECURITY WORKING GRP-MIN CO-CHAIR (COCHRAN),,248,ok,warn,0,1,0,2,0,0,0.0,0.0,0,0
STATIONERY,2010,249,ok,not_applicable,0,1,0,0,0,0,0.0,0.0,0,0
STATIONERY,2011,250,ok,not_applicable,0,1,0,0,0,0,0.0,0.0,0,0
STATIONERY,,251,ok,warn,0,1,0,0,0,0,0.0,0.0,0,0
TOWN MEETING NOTICES,2010,252,ok,not_applicable,0,1,0,0,0,0,0.0,0.0,0,0
MISC ITEMS - STUDENT LOANS,2010,253,ok,banner_missing,0,1,0,0,0,0,0.0,0.0,0,0
MISC ITEMS - STUDENT LOANS,2011,254,ok,ok,0,1,0,2,0,0,0.0,0.0,0,0
MISC ITEMS - STUDENT LOANS,,255,fail,fail,0,1,0,3,0,0,0.0,0.0,0,0
EMERGENCY APPROPRIATION PUBLIC LAW 109-13,,256,ok,not_applicable,0,1,0,0,0,0,0.0,0.0,0,0
SECRETARY OF THE SENATE - ADMINISTRATIVE SERV.,2010,257,ok,banner_missing,1,1,0,1,0,1,750.0,0.0,0,0
SECRETARY OF THE SENATE - EXECUTIVE OFFICE,2010,258,ok,banner_missing,0,1,0,0,0,0,0.0,0.0,0,0
SECRETARY OF THE SENATE - LEGISLATIVE SERVICES,2010,259,ok,not_applicable,0,1,0,0,0,0,0.0,0.0,0,0
SECRETARY OF THE SENATE - ADMINISTRATIVE SERV.,2011,260,ok,fail,5,1,0,3,0,5,8342.23,0.0,0,0
SECRETARY OF THE SENATE - EXECUTIVE OFFICE,2011,261,ok,warn,21,1,0,1,0,21,3300.0,0.0,0,0
SECRETARY OF THE SENATE - LEGISLATIVE SERVICES,2011,262,ok,not_applicable,0,1,0,0,0,0,0.0,0.0,0,0
SECRETARY OF THE SENATE - ADMINISTRATIVE SERV.,2012,263,ok,warn,51,2,1,5,0,51,44262.15,0.0,0,0
SECRETARY OF THE SENATE - EXECUTIVE OFFICE,2012,265,fail,fail,29,2,1,5,0,29,78082.93,0.0,0,0
SECRETARY OF THE SENATE - LEGISLATIVE SERVICES,2012,267,ok,warn,4,1,0,2,0,4,3464.44,0.0,0,0
SECRETARY OF THE SENATE - FMIS PROJECTS,,268,ok,not_applicable,4,1,0,1,0,4,561860.0,0.0,0,0
SECRETARY OF THE SENATE - ADMINISTRATIVE SERV.,,269,ok,not_applicable,0,1,0,0,0,0,0.0,0.0,0,0
SECRETARY OF THE SENATE - ADMINISTRATIVE SERV.,,270,ok,warn,0,1,0,0,0,0,0.0,0.0,0,0
SECRETARY OF THE SENATE - (LIS PROJECT),,271,ok,not_applicable,0,1,0,0,0,0,0.0,0.0,0,0
SEC - EMRGCY APPROPS FOR TERR RESPONSE,,272,ok,warn,3,1,0,1,0,3,2560.86,0.0,0,0
SEC OF THE SENATE - SENATE COLLECTION,,273,ok,warn,11,1,0,1,0,11,78215.0,0.0,0,0
SGT @ ARMS - TECHNOLOGY DEVELOPMENT SERVICES,2010,274,ok,not_applicable,38,2,1,2,0,38,4927977.97,0.0,0,0
SGT @ ARMS - CAPITOL DIVISION,2011,276,ok,not_applicable,4,1,0,1,0,4,300031.65,0.0,0,0
SGT @ ARMS - IT SUPPORT SERVICES,2011,277,ok,not_applicable,1,1,0,1,0,1,18225.0,0.0,0,0
SGT @ ARMS - CENTRAL OPERATIONS,,278,ok,banner_missing,0,1,0,0,0,0,0.0,0.0,0,0
SGT @ ARMS - CAPITOL DIVISION,,279,ok,warn,0,1,0,0,0,0,0.0,0.0,0,0
SGT @ ARMS - IT SUPPORT SERVICES,,280,ok,not_applicable,2,1,0,2,0,2,6488.29,0.0,0,0
SGT @ ARMS - STAFF OFFICES,,281,ok,banner_missing,0,1,0,0,0,0,0.0,0.0,0,0
SGT @ ARMS - TECHNOLOGY DEVELOPMENT SERVICES,,282,ok,not_applicable,0,1,0,0,0,0,0.0,0.0,0,0
SGT @ ARMS - CENTRAL OPERATIONS,,283,ok,not_applicable,2,1,0,2,0,2,8635.74,0.0,0,0
SGT @ ARMS - CAPITOL DIVISION,,284,ok,warn,4,1,0,1,0,4,302402.89,0.0,0,0
SGT @ ARMS - IT SUPPORT SERVICES,,285,ok,not_applicable,18,1,0,2,0,18,1469791.62,0.0,0,0
SGT @ ARMS - STAFF OFFICES,,286,ok,banner_missing,0,1,0,0,0,0,0.0,0.0,0,0
SGT @ ARMS - TECHNOLOGY DEVELOPMENT SERVICES,,287,ok,not_applicable,14,1,0,1,0,14,1134220.73,0.0,0,0
SGT @ ARMS - CENTRAL OPERATIONS,,288,ok,not_applicable,0,1,0,0,0,0,0.0,0.0,0,0
SGT @ ARMS - CAPITOL DIVISION,,289,ok,warn,2,1,0,1,0,2,20161.0,0.0,0,0
SGT @ ARMS - IT SUPPORT SERVICES,,290,ok,not_applicable,18,1,0,2,0,18,383571.0,0.0,0,0
SGT @ ARMS - STAFF OFFICES,,291,ok,banner_missing,0,1,0,0,0,0,0.0,0.0,0,0
SGT @ ARMS - TECHNOLOGY DEVELOPMENT SERVICES,,292,ok,not_applicable,0,1,0,0,0,0,0.0,0.0,0,0
SGT @ ARMS - CENTRAL OPERATIONS,,293,ok,warn,15,1,0,1,0,15,67805.77,0.0,0,0
SGT @ ARMS - CAPITOL DIVISION,,294,ok,warn,8,1,0,2,0,8,107376.34,0.0,0,0
SGT @ ARMS - IT SUPPORT SERVICES,,295,ok,warn,39,2,1,2,0,39,926697.42,0.0,0,0
SGT @ ARMS - STAFF OFFICES,,297,ok,warn,10,1,0,2,0,10,67045.0,0.0,0,0
SGT @ ARMS - TECHNOLOGY DEVELOPMENT SERVICES,,298,ok,not_applicable,12,1,0,2,0,12,604595.43,0.0,0,0
SGT @ ARMS - CENTRAL OPERATIONS,,299,ok,warn,35,2,1,2,0,35,383113.53,0.0,0,0
SGT @ ARMS - CAPITOL DIVISION,,301,ok,warn,38,2,1,3,0,38,459905.93,0.0,0,0
SGT @ ARMS - IT SUPPORT SERVICES,,303,ok,warn,912,16,15,2,0,912,4083135.27,0.0,0,0
SGT @ ARMS - STAFF OFFICES,,319,ok,banner_missing,6,1,0,2,0,6,18379.16,0.0,0,0
SGT @ ARMS - TECHNOLOGY DEVELOPMENT SERVICES,,320,ok,not_applicable,17,1,0,2,0,17,933736.22,0.0,0,0
SGT @ ARMS - CENTRAL OPERATIONS,,321,ok,warn,16,1,0,2,0,16,71652.88,0.0,0,0
SGT @ ARMS - CAPITOL DIVISION,,322,ok,warn,56,2,1,3,0,56,1130781.13,0.0,0,0
SGT @ ARMS - IT SUPPORT SERVICES,,324,ok,warn,252,5,4,2,0,252,6503120.14,0.0,0,0
SGT @ ARMS - STAFF OFFICES,,329,ok,banner_missing,12,1,0,2,0,12,960096.14,0.0,0,0
SGT @ ARMS - TECHNOLOGY DEVELOPMENT SERVICES,,330,ok,warn,131,3,2,2,0,131,3543345.0,0.0,0,0
SGT @ ARMS - CENTRAL OPERATIONS,,333,ok,warn,494,10,9,3,0,494,948904.52,0.0,0,0
SGT @ ARMS - CAPITOL DIVISION,,343,ok,warn,545,12,11,3,0,545,2773298.56,0.0,0,0
SGT @ ARMS - IT SUPPORT SERVICES,,355,ok,warn,800,14,13,3,0,800,18952989.32,0.0,0,0
SGT @ ARMS - STAFF OFFICES,,369,ok,warn,308,7,6,5,0,308,1271201.99,0.0,0,0
SGT @ ARMS - TECHNOLOGY DEVELOPMENT SERVICES,,376,ok,warn,437,9,8,3,0,437,7725655.03,0.0,0,0
SAA - EMERG SUPP NO YEAR FUNDS,,385,ok,fail,39,2,1,2,0,39,330581.9,0.0,0,0
SAA - RECORD STUDIO NO YEAR FUNDS,,387,ok,not_applicable,0,1,0,0,0,0,0.0,0.0,0,0
SMI PROJECT,,388,ok,not_applicable,0,1,0,0,0,0,0.0,0.0,0,0
CAUCUS - INTERNATIONAL NARCOTICS CONTROL,2010,389,ok,banner_missing,0,1,0,0,0,0,0.0,0.0,0,0
CAUCUS - INTERNATIONAL NARCOTICS CONTROL,2011,390,ok,banner_missing,0,1,0,0,0,0,0.0,0.0,0,0
CAUCUS - INTERNATIONAL NARCOTICS CONTROL,2012,391,fail,warn,14,1,0,5,0,14,211287.23,0.0,0,0
SENATOR DANIEL K. AKAKA,2010,392,ok,banner_missing,0,1,0,0,0,0,0.0,0.0,0,0
SENATOR DANIEL K. AKAKA,2011,393,ok,banner_missing,0,1,0,0,0,0,0.0,0.0,0,0
SENATOR DANIEL K. AKAKA,2012,394,fail,warn,142,4,3,6,0,142,1175049.67,0.0,0,0
SENATOR LAMAR ALEXANDER,2010,398,ok,banner_missing,0,1,0,0,0,0,0.0,0.0,0,0
SENATOR LAMAR ALEXANDER,2011,399,ok,banner_missing,0,1,0,0,0,0,0.0,0.0,0,0
SENATOR LAMAR ALEXANDER,2012,400,fail,warn,313,10,9,7,0,313,1391938.01,0.0,0,0
SENATOR KELLY AYOTTE,2011,410,ok,banner_missing,0,1,0,0,0,0,0.0,0.0,0,0
SENATOR KELLY AYOTTE,2012,411,fail,warn,204,9,8,6,0,204,1113194.04,0.0,0,0
SENATOR JOHN BARRASSO,2010,420,ok,banner_missing,0,1,0,0,0,0,0.0,0.0,0,0
SENATOR JOHN BARRASSO,2011,421,ok,banner_missing,0,1,0,0,0,0,0.0,0.0,0,0
SENATOR JOHN BARRASSO,2012,422,fail,warn,323,10,9,7,0,323,1144284.16,0.0,0,0
SENATOR MAX BAUCUS,2010,432,ok,banner_missing,0,1,0,0,0,0,0.0,0.0,0,0
SENATOR MAX BAUCUS,2011,433,ok,banner_missing,0,1,0,0,0,0,0.0,0.0,0,0
SENATOR MAX BAUCUS,2012,434,fail,warn,414,12,11,7,0,414,1402287.53,0.0,0,0
SENATOR EVAN BAYH,2010,446,ok,banner_missing,0,1,0,0,0,0,0.0,0.0,0,0
SENATOR EVAN BAYH,2011,447,ok,banner_missing,0,1,0,0,0,0,0.0,0.0,0,0
SENATOR MARK BEGICH,2010,448,ok,banner_missing,0,1,0,0,0,0,0.0,0.0,0,0
SENATOR MARK BEGICH,2011,449,ok,banner_missing,0,1,0,0,0,0,0.0,0.0,0,0
SENATOR MARK BEGICH,2012,450,fail,fail,342,10,9,7,0,342,1634896.37,0.0,0,0
SENATOR MICHAEL BENNET,2010,460,ok,banner_missing,0,1,0,0,0,0,0.0,0.0,0,0
SENATOR MICHAEL BENNET,2011,461,ok,banner_missing,0,1,0,0,0,0,0.0,0.0,0,0
SENATOR MICHAEL BENNET,2012,462,fail,warn,465,15,14,6,0,465,1239175.34,0.0,0,0
SENATOR ROBERT F. BENNETT,2010,477,ok,banner_missing,0,1,0,0,0,0,0.0,0.0,0,0
SENATOR ROBERT F. BENNETT,2011,478,ok,banner_missing,0,1,0,0,0,0,0.0,0.0,0,0
SENATOR JEFF BINGAMAN,2010,479,ok,banner_missing,0,1,0,0,0,0,0.0,0.0,0,0
SENATOR JEFF BINGAMAN,2011,480,ok,banner_missing,0,1,0,0,0,0,0.0,0.0,0,0
SENATOR JEFF BINGAMAN,2012,481,fail,warn,456,13,12,7,0,456,1373248.85,0.0,0,0
SENATOR RICHARD BLUMENTHAL,2011,494,ok,banner_missing,1,1,0,1,0,1,145.4,0.0,0,0
SENATOR RICHARD BLUMENTHAL,2012,495,fail,warn,522,15,14,7,0,522,1393324.97,0.0,0,0
SENATOR ROY BLUNT,2011,510,ok,banner_missing,3,1,0,1,0,3,59.0,0.0,0,0
SENATOR ROY BLUNT,2012,511,fail,warn,720,24,23,6,0,720,1415718.28,0.0,0,0
SENATOR CHRISTOPHER S. BOND,2010,535,ok,banner_missing,0,1,0,0,0,0,0.0,0.0,0,0
SENATOR CHRISTOPHER S. BOND,2011,536,ok,banner_missing,0,1,0,0,0,0,0.0,0.0,0,0
SENATOR JOHN BOOZMAN,2011,537,ok,banner_missing,0,1,0,0,0,0,0.0,0.0,0,0
SENATOR JOHN BOOZMAN,2012,538,fail,warn,1049,30,29,6,0,1049,1215040.25,0.0,0,0
SENATOR BARBARA BOXER,2010,568,ok,banner_missing,0,1,0,0,0,0,0.0,0.0,0,0
SENATOR BARBARA BOXER,2011,569,ok,warn,0,1,0,0,0,0,0.0,0.0,0,0
SENATOR BARBARA BOXER,2012,570,fail,fail,596,16,15,7,0,596,2292526.5,0.0,0,0
SENATOR SCOTT P. BROWN,2010,586,ok,banner_missing,0,1,0,0,0,0,0.0,0.0,0,0
SENATOR SCOTT P. BROWN,2011,587,ok,banner_missing,35,2,1,1,0,35,1348.61,0.0,0,0
SENATOR SCOTT P. BROWN,2012,589,fail,warn,482,15,14,6,0,482,1310893.43,0.0,0,0
SENATOR SHERROD BROWN,2010,604,ok,banner_missing,0,1,0,0,0,0,0.0,0.0,0,0
SENATOR SHERROD BROWN,2011,605,ok,banner_missing,0,1,0,0,0,0,0.0,0.0,0,0
SENATOR SHERROD BROWN,2012,606,fail,warn,934,27,26,7,0,934,1582343.79,0.0,0,0
SENATOR SAM D. BROWNBACK,2010,633,ok,banner_missing,0,1,0,0,0,0,0.0,0.0,0,0
SENATOR SAM D. BROWNBACK,2011,634,ok,banner_missing,0,1,0,0,0,0,0.0,0.0,0,0
SENATOR JIM BUNNING,2010,635,ok,banner_missing,0,1,0,0,0,0,0.0,0.0,0,0
SENATOR JIM BUNNING,2011,636,ok,banner_missing,0,1,0,0,0,0,0.0,0.0,0,0
SENATOR RICHARD BURR,2010,637,ok,banner_missing,0,1,0,0,0,0,0.0,0.0,0,0
SENATOR RICHARD BURR,2011,638,ok,banner_missing,0,1,0,0,0,0,0.0,0.0,0,0
SENATOR RICHARD BURR,2012,639,fail,warn,239,9,8,7,0,239,1320688.7,0.0,0,0
SENATOR ROLAND BURRIS,2010,648,ok,banner_missing,0,1,0,0,0,0,0.0,0.0,0,0
SENATOR ROLAND BURRIS,2011,649,ok,banner_missing,0,1,0,0,0,0,0.0,0.0,0,0
SENATOR ROBERT C. BYRD,2010,650,ok,banner_missing,0,1,0,0,0,0,0.0,0.0,0,0
SENATOR MARIA CANTWELL,2010,651,ok,banner_missing,0,1,0,0,0,0,0.0,0.0,0,0
SENATOR MARIA CANTWELL,2011,652,ok,banner_missing,4,1,0,1,0,4,206.0,0.0,0,0
SENATOR MARIA CANTWELL,2012,653,fail,warn,575,18,17,7,0,575,1494133.87,0.0,0,0
SENATOR BENJAMIN L CARDIN,2010,671,ok,banner_missing,0,1,0,0,0,0,0.0,0.0,0,0
SENATOR BENJAMIN L CARDIN,2011,672,ok,banner_missing,0,1,0,0,0,0,0.0,0.0,0,0
SENATOR BENJAMIN L CARDIN,2012,673,fail,warn,108,5,4,7,0,108,1508318.86,0.0,0,0
SENATOR THOMAS R. CARPER,2010,678,ok,banner_missing,0,1,0,0,0,0,0.0,0.0,0,0
SENATOR THOMAS R. CARPER,2011,679,ok,warn,4,1,0,1,0,4,335.93,0.0,0,0
SENATOR THOMAS R. CARPER,2012,680,fail,warn,484,16,15,7,0,484,1336670.52,0.0,0,0
"SENATOR ROBERT CASEY, JR.",2010,696,ok,banner_missing,0,1,0,0,0,0,0.0,0.0,0,0
"SENATOR ROBERT CASEY, JR.",2011,697,ok,fail,2,1,0,1,0,2,132.0,0.0,0,0
"SENATOR ROBERT CASEY, JR.",2012,698,fail,warn,407,13,12,7,0,407,1673043.19,0.0,0,0
SENATOR SAXBY CHAMBLISS,2010,711,ok,banner_missing,0,1,0,0,0,0,0.0,0.0,0,0
SENATOR SAXBY CHAMBLISS,2011,712,ok,banner_missing,0,1,0,0,0,0,0.0,0.0,0,0
SENATOR SAXBY CHAMBLISS,2012,713,fail,warn,997,31,30,7,0,997,1371816.68,0.0,0,0
SENATOR DANIEL R. COATS,2011,744,ok,banner_missing,2,1,0,1,0,2,215.02,0.0,0,0
SENATOR DANIEL R. COATS,2012,745,fail,warn,490,15,14,6,0,490,1361899.84,0.0,0,0
SENATOR TOM COBURN,2010,760,ok,banner_missing,0,1,0,0,0,0,0.0,0.0,0,0
SENATOR TOM COBURN,2011,761,ok,banner_missing,0,1,0,0,0,0,0.0,0.0,0,0
SENATOR TOM COBURN,2012,762,fail,warn,566,18,17,5,0,566,1332327.44,0.0,0,0
SENATOR THAD COCHRAN,2010,780,ok,banner_missing,0,1,0,0,0,0,0.0,0.0,0,0
SENATOR THAD COCHRAN,2011,781,ok,warn,2,1,0,1,0,2,2030.62,0.0,0,0
SENATOR THAD COCHRAN,2012,782,fail,fail,374,11,10,5,0,374,1502019.76,0.0,0,0
SENATOR SUSAN M. COLLINS,2010,793,ok,banner_missing,1,1,0,1,0,1,246.76,0.0,0,0
SENATOR SUSAN M. COLLINS,2011,794,ok,banner_missing,4,1,0,1,0,4,133.91,0.0,0,0
SENATOR SUSAN M. COLLINS,2012,795,fail,warn,879,25,24,7,0,879,1342527.96,0.0,0,0
SENATOR KENT CONRAD,2010,820,ok,banner_missing,0,1,0,0,0,0,0.0,0.0,0,0
SENATOR KENT CONRAD,2011,821,ok,banner_missing,0,1,0,0,0,0,0.0,0.0,0,0
SENATOR KENT CONRAD,2012,822,fail,warn,212,6,5,7,0,212,1367611.98,0.0,0,0
SENATOR CHRISTOPHER A. COONS,2011,828,ok,banner_missing,0,1,0,0,0,0,0.0,0.0,0,0
SENATOR CHRISTOPHER A. COONS,2012,829,fail,warn,344,12,11,7,0,344,1315940.08,0.0,0,0
SENATOR BOB CORKER,2010,841,ok,banner_missing,0,1,0,0,0,0,0.0,0.0,0,0
SENATOR BOB CORKER,2011,842,ok,banner_missing,0,1,0,0,0,0,0.0,0.0,0,0
SENATOR BOB CORKER,2012,843,fail,warn,599,18,17,7,0,599,1317832.47,0.0,0,0
SENATOR JOHN CORNYN,2010,861,ok,banner_missing,1,1,0,1,0,1,314.46,0.0,0,0
SENATOR JOHN CORNYN,2011,862,ok,warn,0,1,0,0,0,0,0.0,0.0,0,0
SENATOR JOHN CORNYN,2012,863,fail,warn,459,13,12,7,0,459,1911681.14,0.0,0,0
SENATOR MICHAEL D. CRAPO,2010,876,ok,banner_missing,0,1,0,0,0,0,0.0,0.0,0,0
SENATOR MICHAEL D. CRAPO,2011,877,ok,warn,0,1,0,0,0,0,0.0,0.0,0,0
SENATOR MICHAEL D. CRAPO,2012,878,fail,warn,339,10,9,6,0,339,1598478.01,0.0,0,0
SENATOR JIM DEMINT,2010,888,ok,banner_missing,0,1,0,0,0,0,0.0,0.0,0,0
SENATOR JIM DEMINT,2011,889,ok,fail,1,1,0,1,0,1,60.0,0.0,0,0
SENATOR JIM DEMINT,2012,890,fail,warn,302,9,8,6,0,302,1442999.62,0.0,0,0
SENATOR CHRISTOPHER J. DODD,2010,899,ok,banner_missing,0,1,0,0,0,0,0.0,0.0,0,0
SENATOR CHRISTOPHER J. DODD,2011,900,ok,banner_missing,0,1,0,0,0,0,0.0,0.0,0,0
SENATOR BYRON L. DORGAN,2010,901,ok,banner_missing,0,1,0,0,0,0,0.0,0.0,0,0
SENATOR BYRON L. DORGAN,2011,902,ok,banner_missing,0,1,0,0,0,0,0.0,0.0,0,0
SENATOR RICHARD J. DURBIN,2010,903,ok,banner_missing,0,1,0,0,0,0,0.0,0.0,0,0
SENATOR RICHARD J. DURBIN,2011,904,ok,fail,8,1,0,2,0,8,4389.38,0.0,0,0
SENATOR RICHARD J. DURBIN,2012,905,fail,warn,579,17,16,6,0,579,1525014.75,0.0,0,0
SENATOR JOHN ENSIGN,2010,922,ok,banner_missing,0,1,0,0,0,0,0.0,0.0,0,0
SENATOR JOHN ENSIGN,2011,923,ok,warn,0,1,0,0,0,0,0.0,0.0,0,0
SENATOR MICHAEL B. ENZI,2010,924,ok,banner_missing,0,1,0,0,0,0,0.0,0.0,0,0
SENATOR MICHAEL B. ENZI,2011,925,ok,banner_missing,0,1,0,0,0,0,0.0,0.0,0,0
SENATOR MICHAEL B. ENZI,2012,926,fail,warn,375,11,10,7,0,375,1149911.31,0.0,0,0
SENATOR RUSSELL D. FEINGOLD,2010,937,ok,banner_missing,0,1,0,0,0,0,0.0,0.0,0,0
SENATOR RUSSELL D. FEINGOLD,2011,938,ok,banner_missing,0,1,0,0,0,0,0.0,0.0,0,0
SENATOR DIANNE FEINSTEIN,2010,939,ok,banner_missing,0,1,0,0,0,0,0.0,0.0,0,0
SENATOR DIANNE FEINSTEIN,2011,940,ok,banner_missing,0,1,0,0,0,0,0.0,0.0,0,0
SENATOR DIANNE FEINSTEIN,2012,941,fail,warn,316,9,8,7,0,316,2112409.28,0.0,0,0
SENATOR AL FRANKEN,2010,950,ok,warn,0,1,0,0,0,0,0.0,0.0,0,0
SENATOR AL FRANKEN,2011,951,ok,warn,2,1,0,2,0,2,1660.6,0.0,0,0
SENATOR AL FRANKEN,2012,952,fail,warn,558,17,16,6,0,558,1490453.98,0.0,0,0
SENATOR KIRSTEN GILLIBRAND,2010,969,ok,banner_missing,6,1,0,1,0,6,654.91,0.0,0,0
SENATOR KIRSTEN GILLIBRAND,2011,970,ok,fail,18,2,1,2,0,18,2289.41,0.0,0,0
SENATOR KIRSTEN GILLIBRAND,2012,972,fail,warn,1142,34,33,6,0,1142,2148081.41,0.0,0,0
SENATOR CARTE GOODWIN,2010,1006,ok,banner_missing,0,1,0,0,0,0,0.0,0.0,0,0
SENATOR CARTE GOODWIN,2011,1007,ok,banner_missing,0,1,0,0,0,0,0.0,0.0,0,0
SENATOR LINDSEY GRAHAM,2010,1008,ok,banner_missing,0,1,0,0,0,0,0.0,0.0,0,0
SENATOR LINDSEY GRAHAM,2011,1009,ok,banner_missing,0,1,0,0,0,0,0.0,0.0,0,0
SENATOR LINDSEY GRAHAM,2012,1010,fail,fail,236,7,6,5,0,236,1337163.38,0.0,0,0
SENATOR CHARLES E. GRASSLEY,2010,1017,ok,banner_missing,0,1,0,0,0,0,0.0,0.0,0,0
SENATOR CHARLES E. GRASSLEY,2011,1018,ok,banner_missing,0,1,0,0,0,0,0.0,0.0,0,0
SENATOR CHARLES E. GRASSLEY,2012,1019,fail,warn,363,11,10,6,0,363,1361021.98,0.0,0,0
SENATOR JUDD GREGG,2010,1030,ok,banner_missing,0,1,0,0,0,0,0.0,0.0,0,0
SENATOR JUDD GREGG,2011,1031,ok,banner_missing,0,1,0,0,0,0,0.0,0.0,0,0
SENATOR KAY HAGAN,2010,1032,ok,banner_missing,0,1,0,0,0,0,0.0,0.0,0,0
SENATOR KAY HAGAN,2011,1033,ok,warn,0,1,0,0,0,0,0.0,0.0,0,0
SENATOR KAY HAGAN,2012,1034,fail,warn,481,14,13,7,0,481,1499722.0,0.0,0,0
SENATOR TOM HARKIN,2010,1048,ok,banner_missing,0,1,0,0,0,0,0.0,0.0,0,0
SENATOR TOM HARKIN,2011,1049,ok,warn,0,1,0,0,0,0,0.0,0.0,0,0
SENATOR TOM HARKIN,2012,1050,fail,fail,299,9,8,6,0,299,1457524.04,0.0,0,0
SENATOR ORRIN G. HATCH,2010,1059,ok,banner_missing,0,1,0,0,0,0,0.0,0.0,0,0
SENATOR ORRIN G. HATCH,2011,1060,ok,banner_missing,1,1,0,1,0,1,115.77,0.0,0,0
SENATOR ORRIN G. HATCH,2012,1061,fail,warn,274,8,7,7,0,274,1343359.69,0.0,0,0
SENATOR DEAN HELLER,2011,1069,ok,banner_missing,4,1,0,1,0,4,695.04,0.0,0,0
SENATOR DEAN HELLER,2012,1070,fail,warn,143,5,4,6,0,143,978720.27,0.0,0,0
SENATOR JOHN HOEVEN,2011,1075,ok,banner_missing,1,1,0,1,0,1,323.13,0.0,0,0
SENATOR JOHN HOEVEN,2012,1076,fail,warn,234,7,6,6,0,234,1141447.36,0.0,0,0
SENATOR KAY BAILEY HUTCHISON,2010,1083,ok,banner_missing,0,1,0,0,0,0,0.0,0.0,0,0
SENATOR KAY BAILEY HUTCHISON,2011,1084,ok,warn,4,1,0,1,0,4,1318.15,0.0,0,0
SENATOR KAY BAILEY HUTCHISON,2012,1085,fail,warn,420,12,11,7,0,420,1873144.67,0.0,0,0
SENATOR JAMES M. INHOFE,2010,1097,ok,banner_missing,0,1,0,0,0,0,0.0,0.0,0,0
SENATOR JAMES M. INHOFE,2011,1098,ok,banner_missing,0,1,0,0,0,0,0.0,0.0,0,0
SENATOR JAMES M. INHOFE,2012,1099,fail,warn,550,16,15,6,0,550,1416525.57,0.0,0,0
SENATOR DANIEL K. INOUYE,2010,1115,ok,banner_missing,0,1,0,0,0,0,0.0,0.0,0,0
SENATOR DANIEL K. INOUYE,2011,1116,ok,banner_missing,1,1,0,1,0,1,284.64,0.0,0,0
SENATOR DANIEL K. INOUYE,2012,1117,fail,warn,142,4,3,6,0,142,1545261.11,0.0,0,0
SENATOR JOHNNY ISAKSON,2010,1121,ok,banner_missing,0,1,0,0,0,0,0.0,0.0,0,0
SENATOR JOHNNY ISAKSON,2011,1122,ok,banner_missing,0,1,0,0,0,0,0.0,0.0,0,0
SENATOR JOHNNY ISAKSON,2012,1123,fail,fail,1149,34,33,5,0,1149,1525957.99,0.0,0,0
SENATOR MIKE JOHANNS,2010,1157,ok,banner_missing,1,1,0,1,0,1,2830.0,0.0,0,0
SENATOR MIKE JOHANNS,2011,1158,ok,warn,0,1,0,0,0,0,0.0,0.0,0,0
SENATOR MIKE JOHANNS,2012,1159,fail,warn,527,15,14,7,0,527,1127567.48,0.0,0,0
SENATOR TIM JOHNSON,2010,1174,ok,banner_missing,0,1,0,0,0,0,0.0,0.0,0,0
SENATOR TIM JOHNSON,2011,1175,ok,banner_missing,0,1,0,0,0,0,0.0,0.0,0,0
SENATOR TIM JOHNSON,2012,1176,fail,warn,367,11,10,7,0,367,1475553.8,0.0,0,0
SENATOR RON JOHNSON,2011,1187,ok,banner_missing,53,2,1,3,0,53,33332.01,0.0,0,0
SENATOR RON JOHNSON,2012,1189,fail,warn,338,12,11,6,0,338,1184947.84,0.0,0,0
SENATOR EDWARD KAUFMAN,2010,1201,ok,banner_missing,0,1,0,0,0,0,0.0,0.0,0,0
SENATOR EDWARD KAUFMAN,2011,1202,ok,banner_missing,0,1,0,0,0,0,0.0,0.0,0,0
SENATOR JOHN F. KERRY,2010,1203,ok,banner_missing,0,1,0,0,0,0,0.0,0.0,0,0
SENATOR JOHN F. KERRY,2011,1204,ok,fail,10,1,0,3,0,10,631.29,0.0,0,0
SENATOR JOHN F. KERRY,2012,1205,fail,fail,472,13,12,6,0,472,1330371.7,0.0,0,0
"SENATOR PAUL G. KIRK, JR.",2010,1218,ok,banner_missing,0,1,0,0,0,0,0.0,0.0,0,0
SENATOR MARK KIRK,2011,1219,ok,ok,0,1,0,2,0,0,0.0,0.0,0,0
SENATOR MARK KIRK,2012,1220,fail,warn,425,14,13,6,0,425,1492584.09,0.0,0,0
SENATOR AMY KLOBUCHAR,2010,1234,ok,banner_missing,0,1,0,0,0,0,0.0,0.0,0,0
SENATOR AMY KLOBUCHAR,2011,1235,ok,banner_missing,1,1,0,1,0,1,268.56,0.0,0,0
SENATOR AMY KLOBUCHAR,2012,1236,fail,warn,554,17,16,6,0,554,1311823.57,0.0,0,0
SENATOR HERBERT H. KOHL,2010,1253,ok,banner_missing,0,1,0,0,0,0,0.0,0.0,0,0
SENATOR HERBERT H. KOHL,2011,1254,ok,banner_missing,0,1,0,0,0,0,0.0,0.0,0,0
SENATOR HERBERT H. KOHL,2012,1255,fail,warn,525,15,14,8,0,525,1277986.29,0.0,0,0
SENATOR JON KYL,2010,1270,ok,banner_missing,0,1,0,0,0,0,0.0,0.0,0,0
SENATOR JON KYL,2011,1271,ok,banner_missing,0,1,0,0,0,0,0.0,0.0,0,0
SENATOR JON KYL,2012,1272,fail,fail,167,5,4,5,0,167,1546899.16,0.0,0,0
SENATOR MARY L. LANDRIEU,2010,1277,ok,warn,2,1,0,1,0,2,494.5,0.0,0,0
SENATOR MARY L. LANDRIEU,2011,1278,ok,warn,5,1,0,1,0,5,723.5,0.0,0,0
SENATOR MARY L. LANDRIEU,2012,1279,fail,warn,456,14,13,5,0,456,1415262.91,0.0,0,0
SENATOR FRANK R. LAUTENBERG,2010,1293,ok,banner_missing,1,1,0,1,0,1,555.21,0.0,0,0
SENATOR FRANK R. LAUTENBERG,2011,1294,ok,warn,1,1,0,1,0,1,7126.0,0.0,0,0
SENATOR FRANK R. LAUTENBERG,2012,1295,fail,fail,309,9,8,7,0,309,1559219.9,0.0,0,0
SENATOR PATRICK J. LEAHY,2010,1304,ok,banner_missing,0,1,0,0,0,0,0.0,0.0,0,0
SENATOR PATRICK J. LEAHY,2011,1305,ok,warn,1,1,0,1,0,1,15000.0,0.0,0,0
SENATOR PATRICK J. LEAHY,2012,1306,fail,warn,352,10,9,6,0,352,1335874.03,0.0,0,0
SENATOR MIKE LEE,2011,1316,ok,banner_missing,2,1,0,2,0,2,6215.51,0.0,0,0
SENATOR MIKE LEE,2012,1317,fail,warn,308,9,8,6,0,308,1389721.02,0.0,0,0
SENATOR GEORGE LEMIEUX,2010,1326,ok,banner_missing,0,1,0,0,0,0,0.0,0.0,0,0
SENATOR GEORGE LEMIEUX,2011,1327,ok,banner_missing,0,1,0,0,0,0,0.0,0.0,0,0
SENATOR CARL LEVIN,2010,1328,ok,banner_missing,0,1,0,0,0,0,0.0,0.0,0,0
SENATOR CARL LEVIN,2011,1329,ok,banner_missing,0,1,0,0,0,0,0.0,0.0,0,0
SENATOR CARL LEVIN,2012,1330,fail,fail,333,10,9,8,0,333,1748091.65,0.0,0,0
SENATOR JOSEPH I. LIEBERMAN,2010,1340,ok,banner_missing,0,1,0,0,0,0,0.0,0.0,0,0
SENATOR JOSEPH I. LIEBERMAN,2011,1341,ok,banner_missing,0,1,0,0,0,0,0.0,0.0,0,0
SENATOR JOSEPH I. LIEBERMAN,2012,1342,fail,fail,135,5,4,7,0,135,1416915.29,0.0,0,0
SENATOR BLANCHE L. LINCOLN,2010,1347,ok,banner_missing,0,1,0,0,0,0,0.0,0.0,0,0
SENATOR BLANCHE L. LINCOLN,2011,1348,ok,banner_missing,0,1,0,0,0,0,0.0,0.0,0,0
SENATOR RICHARD G. LUGAR,2010,1349,ok,banner_missing,1,1,0,1,0,1,868.23,0.0,0,0
SENATOR RICHARD G. LUGAR,2011,1350,ok,fail,1,1,0,1,0,1,788.94,0.0,0,0
SENATOR RICHARD G. LUGAR,2012,1351,fail,warn,212,7,6,5,0,212,1520642.87,0.0,0,0
SENATOR JOE MANCHIN,2011,1358,ok,banner_missing,0,1,0,0,0,0,0.0,0.0,0,0
SENATOR JOE MANCHIN,2012,1359,fail,warn,439,14,13,7,0,439,1152993.64,0.0,0,0
SENATOR JOHN MCCAIN,2010,1373,ok,banner_missing,0,1,0,0,0,0,0.0,0.0,0,0
SENATOR JOHN MCCAIN,2011,1374,ok,banner_missing,3,1,0,2,0,3,3678.65,0.0,0,0
SENATOR JOHN MCCAIN,2012,1375,fail,warn,159,5,4,7,0,159,1296741.36,0.0,0,0
SENATOR CLAIRE MCCASKILL,2010,1380,ok,banner_missing,0,1,0,0,0,0,0.0,0.0,0,0
SENATOR CLAIRE MCCASKILL,2011,1381,ok,banner_missing,0,1,0,0,0,0,0.0,0.0,0,0
SENATOR CLAIRE MCCASKILL,2012,1382,fail,warn,504,17,16,7,0,504,1174423.65,0.0,0,0
"SENATOR A. MITCHELL MCCONNELL, JR.",2010,1399,ok,banner_missing,0,1,0,0,0,0,0.0,0.0,0,0
"SENATOR A. MITCHELL MCCONNELL, JR.",2011,1400,ok,banner_missing,0,1,0,0,0,0,0.0,0.0,0,0
"SENATOR A. MITCHELL MCCONNELL, JR.",2012,1401,fail,warn,201,8,7,6,0,201,1292270.17,0.0,0,0
SENATOR ROBERT MENENDEZ,2010,1409,ok,banner_missing,0,1,0,0,0,0,0.0,0.0,0,0
SENATOR ROBERT MENENDEZ,2011,1410,ok,warn,0,1,0,2,0,0,0.0,0.0,0,0
SENATOR ROBERT MENENDEZ,2012,1411,fail,warn,216,8,7,6,0,216,1556478.67,0.0,0,0
SENATOR JEFF MERKLEY,2010,1419,ok,banner_missing,0,1,0,0,0,0,0.0,0.0,0,0
SENATOR JEFF MERKLEY,2011,1420,ok,warn,0,1,0,0,0,0,0.0,0.0,0,0
SENATOR JEFF MERKLEY,2012,1421,fail,warn,306,9,8,7,0,306,1461921.23,0.0,0,0
SENATOR BARBARA A. MIKULSKI,2010,1430,ok,banner_missing,0,1,0,0,0,0,0.0,0.0,0,0
SENATOR BARBARA A. MIKULSKI,2011,1431,ok,banner_missing,0,1,0,0,0,0,0.0,0.0,0,0
SENATOR BARBARA A. MIKULSKI,2012,1432,fail,warn,316,13,12,6,0,316,1383320.1,0.0,0,0
SENATOR JERRY MORAN,2011,1445,ok,banner_missing,0,1,0,0,0,0,0.0,0.0,0,0
SENATOR JERRY MORAN,2012,1446,fail,warn,614,18,17,6,0,614,1480991.18,0.0,0,0
SENATOR LISA MURKOWSKI,2010,1464,ok,banner_missing,0,1,0,0,0,0,0.0,0.0,0,0
SENATOR LISA MURKOWSKI,2011,1465,ok,banner_missing,0,1,0,0,0,0,0.0,0.0,0,0
SENATOR LISA MURKOWSKI,2012,1466,fail,fail,388,11,10,6,0,388,1574135.05,0.0,0,0
SENATOR PATTY MURRAY,2010,1477,ok,banner_missing,0,1,0,0,0,0,0.0,0.0,0,0
SENATOR PATTY MURRAY,2011,1478,ok,warn,0,1,0,0,0,0,0.0,0.0,0,0
SENATOR PATTY MURRAY,2012,1479,fail,warn,564,17,16,6,0,564,1501757.32,0.0,0,0
SENATOR BEN NELSON,2010,1496,ok,banner_missing,0,1,0,0,0,0,0.0,0.0,0,0
SENATOR BEN NELSON,2011,1497,ok,banner_missing,0,1,0,0,0,0,0.0,0.0,0,0
SENATOR BEN NELSON,2012,1498,fail,warn,423,12,11,6,0,423,1219458.55,0.0,0,0
SENATOR BILL NELSON,2010,1510,ok,banner_missing,0,1,0,0,0,0,0.0,0.0,0,0
SENATOR BILL NELSON,2011,1511,ok,warn,0,1,0,0,0,0,0.0,0.0,0,0
SENATOR BILL NELSON,2012,1512,fail,warn,502,15,14,6,0,502,1715568.04,0.0,0,0
SENATOR RAND PAUL,2011,1527,ok,warn,0,1,0,0,0,0,0.0,0.0,0,0
SENATOR RAND PAUL,2012,1528,fail,warn,925,28,27,6,0,925,1184925.24,0.0,0,0
SENATOR ROB PORTMAN,2011,1556,ok,warn,0,1,0,0,0,0,0.0,0.0,0,0
SENATOR ROB PORTMAN,2012,1557,fail,warn,451,14,13,6,0,451,1496071.79,0.0,0,0
SENATOR MARK PRYOR,2010,1571,ok,banner_missing,0,1,0,0,0,0,0.0,0.0,0,0
SENATOR MARK PRYOR,2011,1572,fail,fail,1,1,0,4,0,1,624.0,0.0,0,0
SENATOR MARK PRYOR,2012,1573,fail,warn,406,11,10,6,0,406,1336793.98,0.0,0,0
SENATOR JOHN F. REED,2010,1584,ok,banner_missing,0,1,0,0,0,0,0.0,0.0,0,0
SENATOR JOHN F. REED,2011,1585,ok,banner_missing,0,1,0,0,0,0,0.0,0.0,0,0
SENATOR JOHN F. REED,2012,1586,fail,warn,197,6,5,7,0,197,1368180.66,0.0,0,0
SENATOR HARRY REID,2010,1592,ok,warn,0,1,0,0,0,0,0.0,0.0,0,0
SENATOR HARRY REID,2011,1593,ok,banner_missing,3,1,0,1,0,3,169.5,0.0,0,0
SENATOR HARRY REID,2012,1594,fail,fail,366,10,9,7,0,366,1328770.88,0.0,0,0
SENATOR JAMES E. RISCH,2010,1604,ok,banner_missing,0,1,0,0,0,0,0.0,0.0,0,0
SENATOR JAMES E. RISCH,2011,1605,ok,banner_missing,0,1,0,0,0,0,0.0,0.0,0,0
SENATOR JAMES E. RISCH,2012,1606,fail,warn,328,9,8,5,0,328,1264163.39,0.0,0,0
SENATOR PAT ROBERTS,2010,1615,ok,banner_missing,0,1,0,0,0,0,0.0,0.0,0,0
SENATOR PAT ROBERTS,2011,1616,ok,banner_missing,0,1,0,0,0,0,0.0,0.0,0,0
SENATOR PAT ROBERTS,2012,1617,fail,warn,241,7,6,6,0,241,1361099.33,0.0,0,0
"SENATOR JOHN D. ROCKEFELLER, IV",2010,1624,ok,banner_missing,0,1,0,0,0,0,0.0,0.0,0,0
"SENATOR JOHN D. ROCKEFELLER, IV",2011,1625,ok,banner_missing,17,2,1,1,0,17,1358.27,0.0,0,0
"SENATOR JOHN D. ROCKEFELLER, IV",2012,1627,fail,warn,167,5,4,5,0,167,1502267.7,0.0,0,0
SENATOR MARCO RUBIO,2011,1632,ok,banner_missing,4,1,0,2,0,4,8620.18,0.0,0,0
SENATOR MARCO RUBIO,2012,1633,fail,warn,495,14,13,6,0,495,1762181.72,0.0,0,0
SENATOR BERNARD SANDERS,2010,1647,ok,banner_missing,0,1,0,0,0,0,0.0,0.0,0,0
SENATOR BERNARD SANDERS,2011,1648,ok,banner_missing,3,1,0,2,0,3,18927.81,0.0,0,0
SENATOR BERNARD SANDERS,2012,1649,fail,warn,294,10,9,7,0,294,1192685.38,0.0,0,0
SENATOR CHARLES E. SCHUMER,2010,1659,ok,banner_missing,0,1,0,0,0,0,0.0,0.0,0,0
SENATOR CHARLES E. SCHUMER,2011,1660,ok,banner_missing,0,1,0,0,0,0,0.0,0.0,0,0
SENATOR CHARLES E. SCHUMER,2012,1661,fail,fail,437,15,14,7,0,437,1938763.77,0.0,0,0
"SENATOR JEFFERSON B. SESSIONS, III",2010,1676,ok,banner_missing,0,1,0,0,0,0,0.0,0.0,0,0
"SENATOR JEFFERSON B. SESSIONS, III",2011,1677,ok,banner_missing,0,1,0,0,0,0,0.0,0.0,0,0
"SENATOR JEFFERSON B. SESSIONS, III",2012,1678,fail,warn,271,8,7,7,0,271,1073691.58,0.0,0,0
SENATOR JEANNE SHAHEEN,2010,1686,ok,warn,14,1,0,1,0,14,1228.04,0.0,0,0
SENATOR JEANNE SHAHEEN,2011,1687,ok,warn,2,1,0,1,0,2,279.4,0.0,0,0
SENATOR JEANNE SHAHEEN,2012,1688,fail,warn,610,20,19,7,0,610,1251451.62,0.0,0,0
SENATOR RICHARD C. SHELBY,2010,1708,ok,banner_missing,0,1,0,0,0,0,0.0,0.0,0,0
SENATOR RICHARD C. SHELBY,2011,1709,ok,banner_missing,0,1,0,0,0,0,0.0,0.0,0,0
SENATOR RICHARD C. SHELBY,2012,1710,fail,warn,111,4,3,5,0,111,907744.47,0.0,0,0
SENATOR OLYMPIA J. SNOWE,2010,1714,ok,banner_missing,0,1,0,0,0,0,0.0,0.0,0,0
SENATOR OLYMPIA J. SNOWE,2011,1715,ok,banner_missing,0,1,0,0,0,0,0.0,0.0,0,0
SENATOR OLYMPIA J. SNOWE,2012,1716,fail,fail,274,9,8,7,0,274,1374516.93,0.0,0,0
SENATOR ARLEN SPECTER,2010,1725,ok,banner_missing,0,1,0,0,0,0,0.0,0.0,0,0
SENATOR ARLEN SPECTER,2011,1726,ok,banner_missing,0,1,0,0,0,0,0.0,0.0,0,0
SENATOR DEBBIE A. STABENOW,2010,1727,ok,banner_missing,0,1,0,0,0,0,0.0,0.0,0,0
SENATOR DEBBIE A. STABENOW,2011,1728,ok,warn,1,1,0,1,0,1,453.0,0.0,0,0
SENATOR DEBBIE A. STABENOW,2012,1729,fail,fail,284,10,9,6,0,284,1460706.08,0.0,0,0
SENATOR JON TESTER,2010,1739,ok,banner_missing,0,1,0,0,0,0,0.0,0.0,0,0
SENATOR JON TESTER,2011,1740,ok,warn,0,1,0,0,0,0,0.0,0.0,0,0
SENATOR JON TESTER,2012,1741,fail,warn,468,14,13,6,0,468,1315763.56,0.0,0,0
SENATOR JOHN R. THUNE,2010,1755,ok,warn,0,1,0,0,0,0,0.0,0.0,0,0
SENATOR JOHN R. THUNE,2011,1756,ok,warn,0,1,0,0,0,0,0.0,0.0,0,0
SENATOR JOHN R. THUNE,2012,1757,fail,warn,311,9,8,7,0,311,1442198.78,0.0,0,0
SENATOR PATRICK J.TOOMEY,2011,1766,ok,warn,0,1,0,0,0,0,0.0,0.0,0,0
SENATOR PATRICK J.TOOMEY,2012,1767,fail,warn,692,21,20,7,0,692,1599357.33,0.0,0,0
SENATOR MARK UDALL (CO),2010,1788,ok,banner_missing,0,1,0,0,0,0,0.0,0.0,0,0
SENATOR MARK UDALL (CO),2011,1789,ok,banner_missing,0,1,0,0,0,0,0.0,0.0,0,0
SENATOR MARK UDALL (CO),2012,1790,fail,warn,453,14,13,6,0,453,1419866.84,0.0,0,0
SENATOR TOM UDALL (NM),2010,1804,ok,banner_missing,0,1,0,0,0,0,0.0,0.0,0,0
SENATOR TOM UDALL (NM),2011,1805,ok,banner_missing,0,1,0,0,0,0,0.0,0.0,0,0
SENATOR TOM UDALL (NM),2012,1806,fail,warn,660,18,17,7,0,660,1423318.84,0.0,0,0
SENATOR DAVID VITTER,2010,1824,ok,banner_missing,0,1,0,0,0,0,0.0,0.0,0,0
SENATOR DAVID VITTER,2011,1825,ok,warn,0,1,0,0,0,0,0.0,0.0,0,0
SENATOR DAVID VITTER,2012,1826,fail,warn,517,16,15,6,0,517,1204953.43,0.0,0,0
SENATOR GEORGE V. VOINOVICH,2010,1842,ok,banner_missing,0,1,0,0,0,0,0.0,0.0,0,0
SENATOR GEORGE V. VOINOVICH,2011,1843,ok,banner_missing,0,1,0,0,0,0,0.0,0.0,0,0
SENATOR MARK WARNER,2010,1844,ok,banner_missing,0,1,0,0,0,0,0.0,0.0,0,0
SENATOR MARK WARNER,2011,1845,ok,banner_missing,1,1,0,1,0,1,720.0,0.0,0,0
SENATOR MARK WARNER,2012,1846,fail,warn,682,20,19,7,0,682,1450291.12,0.0,0,0
SENATOR JIM WEBB,2010,1866,ok,banner_missing,0,1,0,0,0,0,0.0,0.0,0,0
SENATOR JIM WEBB,2011,1867,ok,banner_missing,0,1,0,0,0,0,0.0,0.0,0,0
SENATOR JIM WEBB,2012,1868,fail,warn,243,7,6,7,0,243,1359719.75,0.0,0,0
SENATOR SHELDON WHITEHOUSE,2010,1875,ok,banner_missing,0,1,0,0,0,0,0.0,0.0,0,0
SENATOR SHELDON WHITEHOUSE,2011,1876,ok,warn,0,1,0,0,0,0,0.0,0.0,0,0
SENATOR SHELDON WHITEHOUSE,2012,1877,fail,warn,679,22,21,8,0,679,1295450.59,0.0,0,0
SENATOR ROGER WICKER,2010,1899,ok,banner_missing,0,1,0,0,0,0,0.0,0.0,0,0
SENATOR ROGER WICKER,2011,1900,ok,banner_missing,0,1,0,0,0,0,0.0,0.0,0,0
SENATOR ROGER WICKER,2012,1901,fail,warn,492,15,14,6,0,492,1440122.3,0.0,0,0
SENATOR RON WYDEN,2010,1916,ok,banner_missing,0,1,0,0,0,0,0.0,0.0,0,0
SENATOR RON WYDEN,2011,1917,ok,warn,0,1,0,0,0,0,0.0,0.0,0,0
SENATOR RON WYDEN,2012,1918,fail,warn,447,13,12,7,0,447,1444859.27,0.0,0,0
STATIONERY,,1931,ok,fail,0,1,0,2,0,0,0.0,0.0,0,0
LEGAL COUNSEL,2010,1932,ok,banner_missing,0,1,0,0,0,0,0.0,0.0,0,0
LEGAL COUNSEL,2011,1933,ok,banner_missing,0,1,0,0,0,0,0.0,0.0,0,0
LEGAL COUNSEL,2012,1934,fail,warn,10,1,0,4,0,10,450642.4,0.0,0,0
SECRETARY FOR THE MAJORITY (D),2010,1935,ok,banner_missing,0,1,0,0,0,0,0.0,0.0,0,0
SECRETARY FOR THE MAJORITY (D),2011,1936,ok,banner_missing,0,1,0,0,0,0,0.0,0.0,0,0
SECRETARY FOR THE MAJORITY (D),2012,1937,ok,warn,0,1,0,2,0,0,0.0,0.0,0,0
SECRETARY FOR THE MINORITY (R),2010,1938,ok,banner_missing,0,1,0,0,0,0,0.0,0.0,0,0
SECRETARY FOR THE MINORITY (R),2011,1939,ok,banner_missing,0,1,0,0,0,0,0.0,0.0,0,0
SECRETARY FOR THE MINORITY (R),2012,1940,ok,warn,0,1,0,0,0,0,0.0,0.0,0,0
SERGEANT AT ARMS AND DOORKEEPER OF THE SENATE,2010,1941,ok,not_applicable,0,1,0,0,0,0,0.0,0.0,0,0
SERGEANT AT ARMS AND DOORKEEPER OF THE SENATE,2011,1942,ok,not_applicable,0,1,0,0,0,0,0.0,0.0,0,0
SERGEANT AT ARMS AND DOORKEEPER OF THE SENATE,2012,1943,ok,warn,0,1,0,0,0,0,0.0,0.0,0,0
SECRETARY OF THE SENATE,2010,1944,ok,not_applicable,0,1,0,0,0,0,0.0,0.0,0,0
SECRETARY OF THE SENATE,2011,1945,ok,not_applicable,0,1,0,0,0,0,0.0,0.0,0,0
SECRETARY OF THE SENATE,2012,1946,ok,warn,0,1,0,0,0,0,0.0,0.0,0,0
CAPITOL GUIDE SERVICE,,1947,ok,not_applicable,0,1,0,0,0,0,0.0,0.0,0,0
JOINT ECONOMIC COMMITTEE,2010,1948,ok,banner_missing,0,1,0,0,0,0,0.0,0.0,0,0
JOINT ECONOMIC COMMITTEE,2011,1949,ok,banner_missing,0,1,0,0,0,0,0.0,0.0,0,0
JOINT ECONOMIC COMMITTEE,2012,1950,fail,warn,57,2,1,7,0,57,1849840.81,0.0,0,0
RESERVE FOR CONTINGENCIES,,1952,ok,not_applicable,0,1,0,0,0,0,0.0,0.0,0,0
LEGISLATIVE COUNSEL,2010,1953,ok,banner_missing,0,1,0,0,0,0,0.0,0.0,0,0
LEGISLATIVE COUNSEL,2011,1954,ok,banner_missing,0,1,0,0,0,0,0.0,0.0,0,0
LEGISLATIVE COUNSEL,2012,1955,fail,warn,49,2,1,6,0,49,2488933.26,0.0,0,0
JOINT COMMITTEES ON INAUGURAL CEREMONIES,,1957,fail,warn,12,1,0,6,0,12,70552.21,0.0,0,0
OFFICE OF CONGRESSIONAL ACCESSIBILITY SERVICES,2010,1958,ok,banner_missing,1,1,0,1,0,1,10800.0,0.0,0,0
OFFICE OF CONGRESSIONAL ACCESSIBILITY SERVICES,2011,1959,ok,banner_missing,1,1,0,1,0,1,356.25,0.0,0,0
OFFICE OF CONGRESSIONAL ACCESSIBILITY SERVICES,2012,1960,fail,warn,58,2,1,5,0,58,276018.11,0.0,0,0
COMPUTER CENTER REVOLVING FUND,,1962,ok,not_applicable,0,1,0,0,0,0,0.0,0.0,0,0
HEALTH & PROMOTION,,1963,ok,fail,8,1,0,1,0,8,9180.0,0.0,0,0
PUBLIC RECORDS,,1964,ok,fail,0,1,0,0,0,0,0.0,0.0,0,0
GIFT SHOP,,1965,ok,fail,0,1,0,0,0,0,0.0,0.0,0,0
PHOTOGRAPHIC STUDIO,,1966,ok,fail,15,1,0,2,0,15,8850.53,0.0,0,0
RECORDING STUDIO,,1967,ok,fail,4,1,0,2,0,4,2140.89,0.0,0,0
DANIEL WEBSTER SENATE PAGE RESIDENCE,,1968,ok,fail,28,2,1,3,0,28,35051.31,0.0,0,0
SENATE HAIR CARE,,1970,fail,fail,11,1,0,3,0,11,246403.01,0.0,0,0
"AGRICULTURE, NUTRITION & FORESTRY AGRICULTURE, NUTR & FOR S.RES.73C(111TH) EXPENSES OF INQUIRIES AND INVESTIGATIONS",,1971,ok,banner_missing,0,1,0,0,0,0,0.0,0.0,0,0
"AGRICULTURE, NUTRITION & FORESTRY AGRICULTURE, NUTR & FOR S.RES.73D(111TH) EXPENSES OF INQUIRIES AND INVESTIGATIONS",,1972,ok,banner_missing,0,1,0,0,0,0,0.0,0.0,0,0
"AGRICULTURE, NUTRITION & FORESTRY AGRICULTURE, NUTR & FOR S.RES.81B(112TH) EXPENSES OF INQUIRIES AND INVESTIGATIONS",,1973,ok,banner_missing,1,1,0,1,0,1,63.75,0.0,0,0
"AGRICULTURE, NUTRITION & FORESTRY AGRICULTURE, NUTR & FOR S.RES.81C(112TH) EXPENSES OF INQUIRIES AND INVESTIGATIONS",,1974,fail,warn,94,4,3,7,0,94,1902601.46,0.0,0,0
ARMED SERVICES ARMED SERVICES - S.RES. 73C (111TH) EXPENSES OF INQUIRIES AND INVESTIGATIONS,,1978,ok,banner_missing,0,1,0,0,0,0,0.0,0.0,0,0
ARMED SERVICES ARMED SERVICES - S.RES. 73D (111TH) EXPENSES OF INQUIRIES AND INVESTIGATIONS,,1979,ok,banner_missing,0,1,0,0,0,0,0.0,0.0,0,0
ARMED SERVICES ARMED SERVICES - S.RES. 81B (112TH) EXPENSES OF INQUIRIES AND INVESTIGATIONS,,1980,ok,banner_missing,0,1,0,0,0,0,0.0,0.0,0,0
ARMED SERVICES ARMED SERVICES - S.RES. 81C (112TH) EXPENSES OF INQUIRIES AND INVESTIGATIONS,,1981,fail,fail,101,3,2,6,0,101,3026988.96,0.0,0,0
"BANKING, HOUSING & URBAN AFFAIRS BANKING,HOUSING &URBDEV S.RES.73C(111TH) EXPENSES OF INQUIRIES AND INVESTIGATIONS",,1984,ok,banner_missing,2,1,0,1,0,2,46.0,0.0,0,0
"BANKING, HOUSING & URBAN AFFAIRS BANKING,HOUSING &URBDEV S.RES.73D(111TH) EXPENSES OF INQUIRIES AND INVESTIGATIONS",,1985,ok,banner_missing,1,1,0,1,0,1,45.25,0.0,0,0
"BANKING, HOUSING & URBAN AFFAIRS BANKING,HOUSING &URBDEV S.RES.81B(112TH) EXPENSES OF INQUIRIES AND INVESTIGATIONS",,1986,ok,banner_missing,1,1,0,1,0,1,100.5,0.0,0,0
"BANKING, HOUSING & URBAN AFFAIRS BANKING, HOUSING &URBDEV S.RES. 81C (112TH) EXPENSES OF INQUIRIES AND INVESTIGATIONS",,1987,fail,warn,129,4,3,8,0,129,2708503.62,0.0,0,0
BUDGET BUDGET - S.RES. 73C (111TH) EXPENSES OF INQUIRIES AND INVESTIGATIONS,,1991,ok,banner_missing,0,1,0,0,0,0,0.0,0.0,0,0
BUDGET BUDGET - S.RES. 73D (111TH) EXPENSES OF INQUIRIES AND INVESTIGATIONS,,1992,ok,banner_missing,0,1,0,0,0,0,0.0,0.0,0,0
BUDGET BUDGET - S.RES. 81B (112TH) EXPENSES OF INQUIRIES AND INVESTIGATIONS,,1993,ok,banner_missing,0,1,0,0,0,0,0.0,0.0,0,0
BUDGET BUDGET - S.RES. 81C (112TH) EXPENSES OF INQUIRIES AND INVESTIGATIONS,,1994,fail,warn,114,4,3,7,0,114,3012373.65,0.0,0,0
"COMMERCE, SCIENCE & TRANSPORTATION COMMERCE, SCI & TRANS S.RES. 73C (111TH) EXPENSES OF INQUIRIES AND INVESTIGATIONS",,1998,ok,banner_missing,3,1,0,2,0,3,1363.0,0.0,0,0
"COMMERCE, SCIENCE & TRANSPORTATION COMMERCE, SCI & TRANS S.RES. 73D (111TH) EXPENSES OF INQUIRIES AND INVESTIGATIONS",,1999,ok,banner_missing,0,1,0,0,0,0,0.0,0.0,0,0
"COMMERCE, SCIENCE & TRANSPORTATION COMMERCE, SCI & TRANS S.RES. 81B (112TH) EXPENSES OF INQUIRIES AND INVESTIGATIONS",,2000,ok,warn,2,1,0,1,0,2,37.0,0.0,0,0
"COMMERCE, SCIENCE & TRANSPORTATION COMMERCE, SCI & TRANS S.RES. 81C (112TH) EXPENSES OF INQUIRIES AND INVESTIGATIONS",,2001,fail,fail,131,4,3,6,0,131,2955356.07,0.0,0,0
ENERGY & NATURAL RESOURCES ENERGY & NATURAL RES S.RES. 73C (111TH) EXPENSES OF INQUIRIES AND INVESTIGATIONS,,2005,ok,banner_missing,0,1,0,0,0,0,0.0,0.0,0,0
ENERGY & NATURAL RESOURCES ENERGY & NATURAL RES S.RES. 73D (111TH) EXPENSES OF INQUIRIES AND INVESTIGATIONS,,2006,ok,banner_missing,0,1,0,0,0,0,0.0,0.0,0,0
ENERGY & NATURAL RESOURCES ENERGY & NATURAL RES S.RES. 81B (112TH) EXPENSES OF INQUIRIES AND INVESTIGATIONS,,2007,ok,banner_missing,1,1,0,1,0,1,6000.0,0.0,0,0
ENERGY & NATURAL RESOURCES ENERGY & NATURAL S.RES. 81C (112TH) EXPENSES OF INQUIRIES AND INVESTIGATIONS,,2008,fail,warn,178,6,5,6,0,178,2501729.7,0.0,0,0
ENVIRONMENT & PUBLIC WORKS ENVIRONMENT & PUB WORKS S.RES.73C(111TH) EXPENSES OF INQUIRIES AND INVESTIGATIONS,,2014,ok,banner_missing,0,1,0,0,0,0,0.0,0.0,0,0
ENVIRONMENT & PUBLIC WORKS ENVIRONMENT & PUB WORKS S.RES.73D(111TH) EXPENSES OF INQUIRIES AND INVESTIGATIONS,,2015,ok,banner_missing,0,1,0,0,0,0,0.0,0.0,0,0
ENVIRONMENT & PUBLIC WORKS ENVIRONMENT & PUB WORKS S.RES.81B(112TH) EXPENSES OF INQUIRIES AND INVESTIGATIONS,,2016,ok,banner_missing,0,1,0,0,0,0,0.0,0.0,0,0
ENVIRONMENT & PUBLIC WORKS ENVIRONMENT & PUB WORKS S.RES. 81C (112TH) EXPENSES OF INQUIRIES AND INVESTIGATIONS,,2017,fail,warn,118,4,3,6,0,118,2465128.17,0.0,0,0
ETHICS COMMITTEE ON ETHICS - FY 2010 EXPENSES OF INQUIRIES AND INVESTIGATIONS,,2021,ok,banner_missing,0,1,0,0,0,0,0.0,0.0,0,0
ETHICS COMMITTEE ON ETHICS - FY 2011 EXPENSES OF INQUIRIES AND INVESTIGATIONS,,2022,ok,banner_missing,0,1,0,0,0,0,0.0,0.0,0,0
ETHICS COMMITTEE ON ETHICS - FY 2012 EXPENSES OF INQUIRIES AND INVESTIGATIONS,,2023,fail,fail,26,2,1,5,0,26,772010.19,0.0,0,0
FINANCE FINANCE - S.RES. 73C (111TH) EXPENSES OF INQUIRIES AND INVESTIGATIONS,,2025,ok,banner_missing,0,1,0,0,0,0,0.0,0.0,0,0
FINANCE FINANCE - S.RES. 73D (111TH) EXPENSES OF INQUIRIES AND INVESTIGATIONS,,2026,ok,banner_missing,2,1,0,1,0,2,245.96,0.0,0,0
FINANCE FINANCE - S.RES. 81B (112TH) EXPENSES OF INQUIRIES AND INVESTIGATIONS,,2027,ok,banner_missing,3,1,0,1,0,3,1499.49,0.0,0,0
FINANCE FINANCE - S.RES. 81C (112TH) EXPENSES OF INQUIRIES AND INVESTIGATIONS,,2028,fail,warn,255,7,6,7,0,255,3926507.87,0.0,0,0
FOREIGN RELATIONS FOREIGN RELATIONS - S.RES. 73C (111TH) EXPENSES OF INQUIRIES AND INVESTIGATIONS,,2035,ok,banner_missing,0,1,0,0,0,0,0.0,0.0,0,0
FOREIGN RELATIONS FOREIGN RELATIONS - S.RES. 73D (111TH) EXPENSES OF INQUIRIES AND INVESTIGATIONS,,2036,ok,banner_missing,1,1,0,1,0,1,17.25,0.0,0,0
FOREIGN RELATIONS FOREIGN RELATIONS - S.RES. 81B (112TH) EXPENSES OF INQUIRIES AND INVESTIGATIONS,,2037,ok,banner_missing,10,1,0,2,0,10,1101.55,0.0,0,0
FOREIGN RELATIONS FOREIGN RELATIONS - S.RES. 81C (112TH) EXPENSES OF INQUIRIES AND INVESTIGATIONS,,2038,fail,fail,229,6,5,7,0,229,3038860.78,0.0,0,0
HOMELAND SECURITY & GOVERNMENTAL AFFAIRS HOMELAND SEC.& GOV AFF. S.RES. 73C (111TH) EXPENSES OF INQUIRIES AND INVESTIGATIONS,,2044,ok,banner_missing,0,1,0,0,0,0,0.0,0.0,0,0
HOMELAND SECURITY & GOVERNMENTAL AFFAIRS HOMELAND SEC.& GOV AFF. S.RES. 73D (111TH) EXPENSES OF INQUIRIES AND INVESTIGATIONS,,2045,ok,banner_missing,0,1,0,0,0,0,0.0,0.0,0,0
HOMELAND SECURITY & GOVERNMENTAL AFFAIRS HOMELAND SEC.& GOV AFF. 81B (112TH) EXPENSES OF INQUIRIES AND INVESTIGATIONS,,2046,ok,warn,1,1,0,1,0,1,631.4,0.0,0,0
HOMELAND SECURITY & GOVERNMENTAL AFFAIRS HOMELAND SEC.& GOV AFF. S.RES. 81C (112TH) EXPENSES OF INQUIRIES AND INVESTIGATIONS,,2047,fail,warn,262,7,6,7,0,262,4555748.55,0.0,0,0
"HEALTH, EDUCATION, LABOR, AND PENSIONS HEALTH, EDU,LABOR&PENS S.RES. 73C(111TH) EXPENSES OF INQUIRIES AND INVESTIGATIONS",,2054,ok,banner_missing,0,1,0,0,0,0,0.0,0.0,0,0
"HEALTH, EDUCATION, LABOR, AND PENSIONS HEALTH, EDU,LABOR&PENS S.RES. 73D(111TH) EXPENSES OF INQUIRIES AND INVESTIGATIONS",,2055,ok,ok,0,1,0,2,0,0,0.0,0.0,0,0
"HEALTH, EDUCATION, LABOR, AND PENSIONS HEALTH, EDU,LABOR&PENS S.RES. 81B(112TH) EXPENSES OF INQUIRIES AND INVESTIGATIONS",,2056,ok,banner_missing,0,1,0,0,0,0,0.0,0.0,0,0
"HEALTH, EDUCATION, LABOR, AND PENSIONS HEALTH, EDU,LABOR&PENS S.RES. 81C (112TH) EXPENSES OF INQUIRIES AND INVESTIGATIONS",,2057,fail,warn,305,9,8,7,0,305,4340084.96,0.0,0,0
INDIAN AFFAIRS INDIAN AFFAIRS - S.RES. 73C (111TH) EXPENSES OF INQUIRIES AND INVESTIGATIONS,,2066,ok,banner_missing,0,1,0,0,0,0,0.0,0.0,0,0
INDIAN AFFAIRS INDIAN AFFAIRS - S.RES. 73D (111TH) EXPENSES OF INQUIRIES AND INVESTIGATIONS,,2067,ok,banner_missing,0,1,0,0,0,0,0.0,0.0,0,0
INDIAN AFFAIRS INDIAN AFFAIRS - S.RES. 81B (112TH) EXPENSES OF INQUIRIES AND INVESTIGATIONS,,2068,ok,fail,1,1,0,1,0,1,5727.58,0.0,0,0
INDIAN AFFAIRS INDIAN AFFAIRS - S.RES. 81C (112TH) EXPENSES OF INQUIRIES AND INVESTIGATIONS,,2069,fail,warn,93,4,3,6,0,93,954528.35,0.0,0,0
INTELLIGENCE SELECT COM ON INTEL - S.RES. 73C (111TH) EXPENSES OF INQUIRIES AND INVESTIGATIONS,,2073,ok,banner_missing,0,1,0,0,0,0,0.0,0.0,0,0
INTELLIGENCE SELECT COM ON INTEL - S.RES. 73D (111TH) EXPENSES OF INQUIRIES AND INVESTIGATIONS,,2074,ok,banner_missing,0,1,0,0,0,0,0.0,0.0,0,0
INTELLIGENCE SELECT COM ON INTEL - S.RES. 81B (112TH) EXPENSES OF INQUIRIES AND INVESTIGATIONS,,2075,ok,warn,3,1,0,1,0,3,367.13,0.0,0,0
INTELLIGENCE SELECT COM ON INTEL - S.RES. 81C (112TH) EXPENSES OF INQUIRIES AND INVESTIGATIONS,,2076,fail,warn,101,4,3,5,0,101,2953263.87,0.0,0,0
JUDICIARY JUDICIARY - S.RES. 73C (111TH) EXPENSES OF INQUIRIES AND INVESTIGATIONS,,2080,ok,banner_missing,0,1,0,0,0,0,0.0,0.0,0,0
JUDICIARY JUDICIARY - S.RES. 73D (111TH) EXPENSES OF INQUIRIES AND INVESTIGATIONS,,2081,ok,banner_missing,0,1,0,0,0,0,0.0,0.0,0,0
JUDICIARY JUDICIARY - S.RES. 81B (112TH) EXPENSES OF INQUIRIES AND INVESTIGATIONS,,2082,ok,banner_missing,0,1,0,0,0,0,0.0,0.0,0,0
JUDICIARY JUDICIARY - S.RES. 81C (112TH) EXPENSES OF INQUIRIES AND INVESTIGATIONS,,2083,fail,warn,273,7,6,7,0,273,4617381.47,0.0,0,0
RULES & ADMINISTRATION RULES & ADMINISTRATION S.RES. 73C(111TH) EXPENSES OF INQUIRIES AND INVESTIGATIONS,,2090,ok,banner_missing,0,1,0,0,0,0,0.0,0.0,0,0
RULES & ADMINISTRATION RULES & ADMINISTRATION S.RES. 73D(111TH) EXPENSES OF INQUIRIES AND INVESTIGATIONS,,2091,ok,banner_missing,0,1,0,0,0,0,0.0,0.0,0,0
RULES & ADMINISTRATION RULES & ADMINISTRATION S.RES. 81B(112TH) EXPENSES OF INQUIRIES AND INVESTIGATIONS,,2092,ok,banner_missing,0,1,0,0,0,0,0.0,0.0,0,0
RULES & ADMINISTRATION RULES & ADMINISTRATION S.RES. 81C(112TH) EXPENSES OF INQUIRIES AND INVESTIGATIONS,,2093,fail,warn,62,3,2,7,0,62,1180264.69,0.0,0,0
SMALL BUSINESS AND ENTREPRENEURSHIP SMALL BUS & ENTREP.- S.RES. 73C (111TH) EXPENSES OF INQUIRIES AND INVESTIGATIONS,,2096,ok,banner_missing,0,1,0,0,0,0,0.0,0.0,0,0
SMALL BUSINESS AND ENTREPRENEURSHIP SMALL BUS & ENTREP.- S.RES. 73D (111TH) EXPENSES OF INQUIRIES AND INVESTIGATIONS,,2097,ok,banner_missing,0,1,0,0,0,0,0.0,0.0,0,0
SMALL BUSINESS AND ENTREPRENEURSHIP SMALL BUS & ENTREP.- S.RES. 81B (112TH) EXPENSES OF INQUIRIES AND INVESTIGATIONS,,2098,ok,warn,0,1,0,0,0,0,0.0,0.0,0,0
SMALL BUSINESS AND ENTREPRENEURSHIP SMALL BUS & ENTREP.- S.RES. 81C (112TH) EXPENSES OF INQUIRIES AND INVESTIGATIONS,,2099,fail,warn,190,7,6,6,0,190,1229767.32,0.0,0,0
SPECIAL COMMITTEE ON AGING SPECIAL COM ON AGING S.RES. 73C (111TH) EXPENSES OF INQUIRIES AND INVESTIGATIONS,,2106,ok,banner_missing,0,1,0,0,0,0,0.0,0.0,0,0
SPECIAL COMMITTEE ON AGING SPECIAL COM ON AGING S.RES. 73D (111TH) EXPENSES OF INQUIRIES AND INVESTIGATIONS,,2107,ok,banner_missing,0,1,0,0,0,0,0.0,0.0,0,0
SPECIAL COMMITTEE ON AGING SPECIAL COM ON AGING S.RES. 81B (112TH) EXPENSES OF INQUIRIES AND INVESTIGATIONS,,2108,ok,warn,0,1,0,0,0,0,0.0,0.0,0,0
SPECIAL COMMITTEE ON AGING SPECIAL COM ON AGING S.RES. 81C (112TH) EXPENSES OF INQUIRIES AND INVESTIGATIONS,,2109,fail,warn,80,3,2,5,0,80,1152656.21,0.0,0,0
VETERANS' AFFAIRS VETERANS' AFFAIRS - S.RES. 73C (111TH) EXPENSES OF INQUIRIES AND INVESTIGATIONS,,2112,ok,banner_missing,0,1,0,0,0,0,0.0,0.0,0,0
VETERANS' AFFAIRS VETERANS' AFFAIRS - S.RES. 73D (111TH) EXPENSES OF INQUIRIES AND INVESTIGATIONS,,2113,ok,banner_missing,0,1,0,0,0,0,0.0,0.0,0,0
VETERANS' AFFAIRS VETERANS' AFFAIRS - S.RES. 81B (112TH) EXPENSES OF INQUIRIES AND INVESTIGATIONS,,2114,ok,ok,0,1,0,2,0,0,0.0,0.0,0,0
VETERANS' AFFAIRS VETERANS' AFFAIRS - S.RES. 81C (112TH) EXPENSES OF INQUIRIES AND INVESTIGATIONS,,2115,fail,warn,86,3,2,5,0,86,946769.36,0.0,0,0
SPECIAL RESERVES - COMMITTEES SPECIAL RESERVES - S.RES. 73C (111TH) EXPENSES OF INQUIRIES AND INVESTIGATIONS,,2118,ok,not_applicable,0,1,0,0,0,0,0.0,0.0,0,0
SPECIAL RESERVES - COMMITTEES SPECIAL RESERVES - S.RES. 73D (111TH) EXPENSES OF INQUIRIES AND INVESTIGATIONS,,2119,ok,not_applicable,0,1,0,0,0,0,0.0,0.0,0,0
SPECIAL RESERVES - COMMITTEES SPECIAL RESERVES - S.RES. 81B (112TH) EXPENSES OF INQUIRIES AND INVESTIGATIONS,,2120,ok,not_applicable,0,1,0,0,0,0,0.0,0.0,0,0
SPECIAL RESERVES - COMMITTEES SPECIAL RESERVES - S.RES. 81C (112TH) EXPENSES OF INQUIRIES AND INVESTIGATIONS,,2121,ok,not_applicable,0,1,0,0,0,0,0.0,0.0,0,0
"CCOOMMPPEENNSSAATTIIOONN OOFF MMEEMMBBEERRSS FFUUNNDDIINNGG YYEEAARR CCOOMMPPEENNSSAATTIIOONN OOFF MMEEMMBBEERRSS,, SSEENNAATTEE",,2123,ok,banner_missing,0,1,0,0,0,0,0.0,0.0,0,1
"CCOOMMPPEENNSSAATTIIOONN OOFF MMEEMMBBEERRSS FFUUNNDDIINNGG YYEEAARR CCOOMMPPEENNSSAATTIIOONN OOFF MMEEMMBBEERRSS,, SSEENNAATTEE",,2126,ok,banner_missing,0,1,0,0,0,0,0.0,0.0,0,1
"CCOOMMPPEENNSSAATTIIOONN OOFF MMEEMMBBEERRSS FFUUNNDDIINNGG YYEEAARR CCOOMMPPEENNSSAATTIIOONN OOFF MMEEMMBBEERRSS,, SSEENNAATTEE",,2127,ok,banner_missing,0,1,0,0,0,0,0.0,0.0,0,1
