office,funding_year,account,start_page,label,check_page,expected,actual,status,basis
PRES PRO TEM EMERITUS (D),2025,"EXPENSE ALLOWANCES OF THE VICE PRESIDENT, PRESIDENT PRO TEMPORE, MAJORITY AND MINORITY LEADERS, MAJORITY AND MINORITY WHIPS, CHAIRMEN OF THE MAJORITY AND MINORITY CONFERENCE COMMITTEES AND CHAIRMEN OF THE MAJORITY AND MINORITY POLICY COMMITTEES",25,TRAVEL AND TRANSPORTATION OF PERSONS,25,36.91,36.91,ok,segment
OFFICE OF THE VICE PRESIDENT (R) - VANCE,2025,"EXPENSE ALLOWANCES OF THE VICE PRESIDENT, PRESIDENT PRO TEMPORE, MAJORITY AND MINORITY LEADERS, MAJORITY AND MINORITY WHIPS, CHAIRMEN OF THE MAJORITY AND MINORITY CONFERENCE COMMITTEES AND CHAIRMEN OF THE MAJORITY AND MINORITY POLICY COMMITTEES",38,TRAVEL AND TRANSPORTATION OF PERSONS,38,936.0,936.0,ok,segment
OFFICE OF THE VICE PRESIDENT (R) - VANCE,2025,"EXPENSE ALLOWANCES OF THE VICE PRESIDENT, PRESIDENT PRO TEMPORE, MAJORITY AND MINORITY LEADERS, MAJORITY AND MINORITY WHIPS, CHAIRMEN OF THE MAJORITY AND MINORITY CONFERENCE COMMITTEES AND CHAIRMEN OF THE MAJORITY AND MINORITY POLICY COMMITTEES",38,ACQUISITION OF ASSETS,38,820.89,820.89,ok,segment
MAJORITY LEADER (R),2025,"EXPENSE ALLOWANCES OF THE VICE PRESIDENT, PRESIDENT PRO TEMPORE, MAJORITY AND MINORITY LEADERS, MAJORITY AND MINORITY WHIPS, CHAIRMEN OF THE MAJORITY AND MINORITY CONFERENCE COMMITTEES AND CHAIRMEN OF THE MAJORITY AND MINORITY POLICY COMMITTEES",45,TRAVEL AND TRANSPORTATION OF PERSONS,45,683.36,683.36,ok,segment
MAJORITY LEADER (R),2025,"EXPENSE ALLOWANCES OF THE VICE PRESIDENT, PRESIDENT PRO TEMPORE, MAJORITY AND MINORITY LEADERS, MAJORITY AND MINORITY WHIPS, CHAIRMEN OF THE MAJORITY AND MINORITY CONFERENCE COMMITTEES AND CHAIRMEN OF THE MAJORITY AND MINORITY POLICY COMMITTEES",45,ACQUISITION OF ASSETS,45,528.94,528.94,ok,segment
MAJORITY WHIP (R),2025,"EXPENSE ALLOWANCES OF THE VICE PRESIDENT, PRESIDENT PRO TEMPORE, MAJORITY AND MINORITY LEADERS, MAJORITY AND MINORITY WHIPS, CHAIRMEN OF THE MAJORITY AND MINORITY CONFERENCE COMMITTEES AND CHAIRMEN OF THE MAJORITY AND MINORITY POLICY COMMITTEES",48,OTHER CONTRACTUAL SERVICES,48,400.0,400.0,ok,segment
APPROPRIATIONS,2025,"SALARIES, OFFICERS AND EMPLOYEES",63,PERSONNEL COMP. FULL-TIME PERMANENT,65,8442167.89,8442167.89,ok,segment
APPROPRIATIONS,2025,"SALARIES, OFFICERS AND EMPLOYEES",63,RE-EMPLOYED ANNUITANTS,65,26250.0,0.0,no_records,segment
APPROPRIATIONS,2025,"SALARIES, OFFICERS AND EMPLOYEES",63,NET PAYROLL EXPENSES,65,8468417.89,8442167.89,fail,block_running_total
CHAPLAIN,2025,"SALARIES, OFFICERS AND EMPLOYEES",72,PERSONNEL COMP. FULL-TIME PERMANENT,72,326849.88,326849.88,ok,segment
CHAPLAIN,2025,"SALARIES, OFFICERS AND EMPLOYEES",72,NET PAYROLL EXPENSES,72,326849.88,326849.88,ok,block_running_total
PRES PRO TEM EMERITUS (D),2025,"SALARIES, OFFICERS AND EMPLOYEES",80,PERSONNEL COMP. FULL-TIME PERMANENT,80,163137.46,163137.46,ok,segment
PRES PRO TEM EMERITUS (D),2025,"SALARIES, OFFICERS AND EMPLOYEES",80,NET PAYROLL EXPENSES,80,163137.46,163137.46,ok,block_running_total
MINORITY LEADER (D),2025,"SALARIES, OFFICERS AND EMPLOYEES",84,PERSONNEL COMP. FULL-TIME PERMANENT,85,1621828.47,1621828.47,ok,segment
MINORITY LEADER (D),2025,"SALARIES, OFFICERS AND EMPLOYEES",84,NET PAYROLL EXPENSES,85,1621828.47,1621828.47,ok,block_running_total
MINORITY WHIP (D),2025,"SALARIES, OFFICERS AND EMPLOYEES",88,PERSONNEL COMP. FULL-TIME PERMANENT,88,932113.85,932113.85,ok,segment
MINORITY WHIP (D),2025,"SALARIES, OFFICERS AND EMPLOYEES",88,RE-EMPLOYED ANNUITANTS,88,24204.0,0.0,no_records,segment
MINORITY WHIP (D),2025,"SALARIES, OFFICERS AND EMPLOYEES",88,NET PAYROLL EXPENSES,88,956317.85,932113.85,fail,block_running_total
MINORITY CONFERENCE COMMITTEE (D),2025,"SALARIES, OFFICERS AND EMPLOYEES",91,PERSONNEL COMP. FULL-TIME PERMANENT,91,857101.22,857101.22,ok,segment
MINORITY CONFERENCE COMMITTEE (D),2025,"SALARIES, OFFICERS AND EMPLOYEES",91,NET PAYROLL EXPENSES,91,857101.22,857101.22,ok,block_running_total
MINORITY POLICY COMMITTEE (D),2025,"SALARIES, OFFICERS AND EMPLOYEES",94,PERSONNEL COMP. FULL-TIME PERMANENT,94,888285.84,888285.84,ok,segment
MINORITY POLICY COMMITTEE (D),2025,"SALARIES, OFFICERS AND EMPLOYEES",94,NET PAYROLL EXPENSES,94,888285.84,888285.84,ok,block_running_total
"SECRETARY, MINORITY CONFERENCE COMM (D)",2025,"SALARIES, OFFICERS AND EMPLOYEES",97,PERSONNEL COMP. FULL-TIME PERMANENT,97,179811.14,179811.14,ok,segment
"SECRETARY, MINORITY CONFERENCE COMM (D)",2025,"SALARIES, OFFICERS AND EMPLOYEES",97,NET PAYROLL EXPENSES,97,179811.14,179811.14,ok,block_running_total
OFFICE OF THE VICE PRESIDENT (R) - VANCE,2025,"SALARIES, OFFICERS AND EMPLOYEES",98,PERSONNEL COMP. FULL-TIME PERMANENT,99,1332917.05,1332917.05,ok,segment
OFFICE OF THE VICE PRESIDENT (R) - VANCE,2025,"SALARIES, OFFICERS AND EMPLOYEES",98,NET PAYROLL EXPENSES,99,1332917.05,1332917.05,ok,block_running_total
PRESIDENT PRO TEMPORE (R),2025,"SALARIES, OFFICERS AND EMPLOYEES",103,PERSONNEL COMP. FULL-TIME PERMANENT,103,463445.16,463445.16,ok,segment
PRESIDENT PRO TEMPORE (R),2025,"SALARIES, OFFICERS AND EMPLOYEES",103,NET PAYROLL EXPENSES,103,463445.16,463445.16,ok,block_running_total
MAJORITY LEADER (R),2025,"SALARIES, OFFICERS AND EMPLOYEES",107,PERSONNEL COMP. FULL-TIME PERMANENT,107,1396479.73,1396479.73,ok,segment
MAJORITY LEADER (R),2025,"SALARIES, OFFICERS AND EMPLOYEES",107,NET PAYROLL EXPENSES,107,1396479.73,1396479.73,ok,block_running_total
MAJORITY WHIP (R),2025,"SALARIES, OFFICERS AND EMPLOYEES",110,PERSONNEL COMP. FULL-TIME PERMANENT,110,882259.89,882259.89,ok,segment
MAJORITY WHIP (R),2025,"SALARIES, OFFICERS AND EMPLOYEES",110,NET PAYROLL EXPENSES,110,882259.89,882259.89,ok,block_running_total
MAJORITY CONFERENCE COMMITTEE (R),2025,"SALARIES, OFFICERS AND EMPLOYEES",113,PERSONNEL COMP. FULL-TIME PERMANENT,113,1009949.35,1009949.35,ok,segment
MAJORITY CONFERENCE COMMITTEE (R),2025,"SALARIES, OFFICERS AND EMPLOYEES",113,NET PAYROLL EXPENSES,113,1009949.35,1009949.35,ok,block_running_total
MAJORITY POLICY COMMITTEE (R),2025,"SALARIES, OFFICERS AND EMPLOYEES",116,PERSONNEL COMP. FULL-TIME PERMANENT,116,978678.0,978678.0,ok,segment
MAJORITY POLICY COMMITTEE (R),2025,"SALARIES, OFFICERS AND EMPLOYEES",116,NET PAYROLL EXPENSES,116,978678.0,978678.0,ok,block_running_total
"SECRETARY, MAJORITY CONFERENCE COMM (R)",2025,"SALARIES, OFFICERS AND EMPLOYEES",119,PERSONNEL COMP. FULL-TIME PERMANENT,119,102571.46,102571.46,ok,segment
"SECRETARY, MAJORITY CONFERENCE COMM (R)",2025,"SALARIES, OFFICERS AND EMPLOYEES",119,NET PAYROLL EXPENSES,119,102571.46,102571.46,ok,block_running_total
,,,122,PERSONNEL COMP. FULL-TIME PERMANENT,122,612636.11,612636.11,ok,segment
,,,122,NET PAYROLL EXPENSES,122,612636.11,612636.11,ok,block_running_total
SECRETARY FOR THE MAJORITY (R),2025,"SALARIES, OFFICERS AND EMPLOYEES",125,PERSONNEL COMP. FULL-TIME PERMANENT,125,724577.54,724577.54,ok,segment
SECRETARY FOR THE MAJORITY (R),2025,"SALARIES, OFFICERS AND EMPLOYEES",125,NET PAYROLL EXPENSES,125,724577.54,724577.54,ok,block_running_total
SERGEANT AT ARMS AND DOORKEEPER OF THE SENATE,2025,"SALARIES, OFFICERS AND EMPLOYEES",128,PERSONNEL COMP. FULL-TIME PERMANENT,151,57694762.81,57694762.81,ok,segment
SERGEANT AT ARMS AND DOORKEEPER OF THE SENATE,2025,"SALARIES, OFFICERS AND EMPLOYEES",128,RE-EMPLOYED ANNUITANTS,151,87105.2,0.0,no_records,segment
SERGEANT AT ARMS AND DOORKEEPER OF THE SENATE,2025,"SALARIES, OFFICERS AND EMPLOYEES",128,NET PAYROLL EXPENSES,151,57781868.01,57694762.81,fail,block_running_total
SECRETARY OF THE SENATE,2025,"SALARIES, OFFICERS AND EMPLOYEES",156,PERSONNEL COMP. FULL-TIME PERMANENT,161,15597457.53,15597457.53,ok,segment
SECRETARY OF THE SENATE,2025,"SALARIES, OFFICERS AND EMPLOYEES",156,NET PAYROLL EXPENSES,161,15597457.53,15597457.53,ok,block_running_total
EMPLOYEES COMPENSATION FUND (P.L. 113-76),2023,"SALARIES, OFFICERS AND EMPLOYEES",164,PERSONNEL BENEFITS,164,541446.76,0.0,no_records,segment
EMPLOYEES COMPENSATION FUND (P.L. 113-76),2023,"SALARIES, OFFICERS AND EMPLOYEES",164,NET PAYROLL EXPENSES,164,541446.76,0.0,no_records,block_running_total
APPROPRIATIONS,2023,MISCELLANEOUS ITEMS,168,PERSONNEL BENEFITS,168,26326.0,0.0,no_records,segment
APPROPRIATIONS,2023,MISCELLANEOUS ITEMS,168,NET PAYROLL EXPENSES,168,26326.0,0.0,no_records,block_running_total
APPROPRIATIONS,2023,MISCELLANEOUS ITEMS,168,OTHER CONTRACTUAL SERVICES,169,167697.5,167697.5,ok,segment
APPROPRIATIONS,2024,MISCELLANEOUS ITEMS,170,PERSONNEL BENEFITS,170,2282.9,0.0,no_records,segment
APPROPRIATIONS,2024,MISCELLANEOUS ITEMS,170,NET PAYROLL EXPENSES,170,2282.9,0.0,no_records,block_running_total
APPROPRIATIONS,2025,MISCELLANEOUS ITEMS,171,PERSONNEL BENEFITS,171,470.95,0.0,no_records,segment
APPROPRIATIONS,2025,MISCELLANEOUS ITEMS,171,NET PAYROLL EXPENSES,171,470.95,0.0,no_records,block_running_total
APPROPRIATIONS,2025,MISCELLANEOUS ITEMS,171,TRAVEL AND TRANSPORTATION OF PERSONS,171,1879.24,1879.24,ok,segment
APPROPRIATIONS,2025,MISCELLANEOUS ITEMS,171,OTHER CONTRACTUAL SERVICES,172,800.0,800.0,ok,segment
CHAPLAIN,2023,MISCELLANEOUS ITEMS,175,TRAVEL AND TRANSPORTATION OF PERSONS,175,18.76,18.76,ok,segment
CHAPLAIN,2024,MISCELLANEOUS ITEMS,176,TRAVEL AND TRANSPORTATION OF PERSONS,177,66.29,66.29,ok,segment
CHAPLAIN,2025,MISCELLANEOUS ITEMS,178,TRAVEL AND TRANSPORTATION OF PERSONS,178,9.38,9.38,ok,segment
CHAPLAIN,2025,MISCELLANEOUS ITEMS,178,OTHER CONTRACTUAL SERVICES,178,52.3,52.3,ok,segment
MAJORITY CONFERENCE COMMITTEE (D),2023,MISCELLANEOUS ITEMS,182,PERSONNEL BENEFITS,182,1041.54,0.0,no_records,segment
MAJORITY CONFERENCE COMMITTEE (D),2023,MISCELLANEOUS ITEMS,182,NET PAYROLL EXPENSES,182,1041.54,0.0,no_records,block_running_total
MAJORITY CONFERENCE COMMITTEE (D),2023,MISCELLANEOUS ITEMS,182,OTHER CONTRACTUAL SERVICES,182,2439.52,2439.52,ok,segment
MAJORITY CONFERENCE COMMITTEE (D),2024,MISCELLANEOUS ITEMS,183,ACQUISITION OF ASSETS,183,86080.54,86080.54,ok,segment
MINORITY CONFERENCE COMMITTEE (D),2025,MISCELLANEOUS ITEMS,185,PERSONNEL BENEFITS,185,674.45,0.0,no_records,segment
MINORITY CONFERENCE COMMITTEE (D),2025,MISCELLANEOUS ITEMS,185,NET PAYROLL EXPENSES,185,674.45,0.0,no_records,block_running_total
MINORITY CONFERENCE COMMITTEE (D),2025,MISCELLANEOUS ITEMS,185,TRAVEL AND TRANSPORTATION OF PERSONS,185,318.0,318.0,ok,segment
MINORITY CONFERENCE COMMITTEE (D),2025,MISCELLANEOUS ITEMS,185,OTHER CONTRACTUAL SERVICES,185,3888.48,3888.48,ok,segment
MINORITY CONFERENCE COMMITTEE (D),2025,MISCELLANEOUS ITEMS,185,ACQUISITION OF ASSETS,185,341.5,341.5,ok,segment
MAJORITY POLICY COMMITTEE (D),2023,MISCELLANEOUS ITEMS,188,PERSONNEL BENEFITS,188,635.24,0.0,no_records,segment
MAJORITY POLICY COMMITTEE (D),2023,MISCELLANEOUS ITEMS,188,NET PAYROLL EXPENSES,188,635.24,0.0,no_records,block_running_total
MAJORITY POLICY COMMITTEE (D),2023,MISCELLANEOUS ITEMS,188,TRAVEL AND TRANSPORTATION OF PERSONS,188,1280.0,1280.0,ok,segment
MINORITY POLICY COMMITTEE (D),2025,MISCELLANEOUS ITEMS,190,PERSONNEL BENEFITS,190,857.78,0.0,no_records,segment
MINORITY POLICY COMMITTEE (D),2025,MISCELLANEOUS ITEMS,190,NET PAYROLL EXPENSES,190,857.78,0.0,no_records,block_running_total
MINORITY POLICY COMMITTEE (D),2025,MISCELLANEOUS ITEMS,190,TRAVEL AND TRANSPORTATION OF PERSONS,190,634.32,634.32,ok,segment
MINORITY POLICY COMMITTEE (D),2025,MISCELLANEOUS ITEMS,190,OTHER CONTRACTUAL SERVICES,190,3044.46,3044.46,ok,segment
MINORITY POLICY COMMITTEE (D),2025,MISCELLANEOUS ITEMS,190,ACQUISITION OF ASSETS,191,668.03,668.03,ok,segment
MAJORITY LEADER (R),2025,MISCELLANEOUS ITEMS,195,PERSONNEL BENEFITS,195,255.44,0.0,no_records,segment
MAJORITY LEADER (R),2025,MISCELLANEOUS ITEMS,195,NET PAYROLL EXPENSES,195,255.44,0.0,no_records,block_running_total
MAJORITY LEADER (R),2025,MISCELLANEOUS ITEMS,195,TRAVEL AND TRANSPORTATION OF PERSONS,195,2121.91,2121.91,ok,segment
MAJORITY WHIP (R),2025,MISCELLANEOUS ITEMS,198,PERSONNEL BENEFITS,198,581.79,0.0,no_records,segment
MAJORITY WHIP (R),2025,MISCELLANEOUS ITEMS,198,NET PAYROLL EXPENSES,198,581.79,0.0,no_records,block_running_total
MAJORITY WHIP (R),2025,MISCELLANEOUS ITEMS,198,TRAVEL AND TRANSPORTATION OF PERSONS,198,1944.32,1944.32,ok,segment
MAJORITY WHIP (R),2025,MISCELLANEOUS ITEMS,198,ACQUISITION OF ASSETS,198,4854.52,4854.52,ok,segment
MINORITY CONFERENCE COMMITTEE (R),2023,MISCELLANEOUS ITEMS,202,PERSONNEL BENEFITS,202,301.48,0.0,no_records,segment
MINORITY CONFERENCE COMMITTEE (R),2023,MISCELLANEOUS ITEMS,202,NET PAYROLL EXPENSES,202,301.48,0.0,no_records,block_running_total
MINORITY CONFERENCE COMMITTEE (R),2023,MISCELLANEOUS ITEMS,202,TRAVEL AND TRANSPORTATION OF PERSONS,206,83058.76,83058.76,ok,segment
MINORITY CONFERENCE COMMITTEE (R),2023,MISCELLANEOUS ITEMS,202,OTHER CONTRACTUAL SERVICES,206,7897.0,7897.0,ok,segment
MINORITY CONFERENCE COMMITTEE (R),2023,MISCELLANEOUS ITEMS,202,ACQUISITION OF ASSETS,206,236.95,236.95,ok,segment
,,,208,TRAVEL AND TRANSPORTATION OF PERSONS,208,13993.77,13993.77,ok,segment
,,,208,OTHER CONTRACTUAL SERVICES,208,20670.0,20670.0,ok,segment
MAJORITY CONFERENCE COMMITTEE (R),2025,MISCELLANEOUS ITEMS,209,OTHER CONTRACTUAL SERVICES,209,100.0,100.0,ok,segment
MAJORITY CONFERENCE COMMITTEE (R),2025,MISCELLANEOUS ITEMS,209,ACQUISITION OF ASSETS,209,20193.51,20193.51,ok,segment
MINORITY POLICY COMMITTEE (R),2023,MISCELLANEOUS ITEMS,212,OTHER CONTRACTUAL SERVICES,212,16.0,16.0,ok,segment
MINORITY POLICY COMMITTEE (R),2023,MISCELLANEOUS ITEMS,212,ACQUISITION OF ASSETS,212,389.3,389.3,ok,segment
MINORITY POLICY COMMITTEE (R),2024,MISCELLANEOUS ITEMS,214,OTHER CONTRACTUAL SERVICES,214,136.01,136.01,ok,segment
MINORITY POLICY COMMITTEE (R),2024,MISCELLANEOUS ITEMS,214,ACQUISITION OF ASSETS,214,3322.03,3322.03,ok,segment
MAJORITY POLICY COMMITTEE (R),2025,MISCELLANEOUS ITEMS,217,TRAVEL AND TRANSPORTATION OF PERSONS,217,793.98,793.98,ok,segment
MAJORITY POLICY COMMITTEE (R),2025,MISCELLANEOUS ITEMS,217,OTHER CONTRACTUAL SERVICES,217,2159.0,2159.0,ok,segment
MAJORITY POLICY COMMITTEE (R),2025,MISCELLANEOUS ITEMS,217,ACQUISITION OF ASSETS,218,3232.68,3232.68,ok,segment
SECRETARY FOR THE MINORITY (R),2024,MISCELLANEOUS ITEMS,220,ACQUISITION OF ASSETS,220,2548.33,2548.33,ok,segment
SENATE CHILD CARE – AGENCY CONTRIBUTIONS – P.L. 102-90,2023,MISCELLANEOUS ITEMS,225,PERSONNEL BENEFITS,225,38149.1,0.0,no_records,segment
SENATE CHILD CARE – AGENCY CONTRIBUTIONS – P.L. 102-90,2023,MISCELLANEOUS ITEMS,225,NET PAYROLL EXPENSES,225,38149.1,0.0,no_records,block_running_total
SENATE CHILD CARE – AGENCY CONTRIBUTIONS – P.L. 102-90,2024,MISCELLANEOUS ITEMS,228,PERSONNEL BENEFITS,228,13908.0,0.0,no_records,segment
SENATE CHILD CARE – AGENCY CONTRIBUTIONS – P.L. 102-90,2024,MISCELLANEOUS ITEMS,228,NET PAYROLL EXPENSES,228,13908.0,0.0,no_records,block_running_total
CONSULTANTS,2025,MISCELLANEOUS ITEMS,238,PERSONNEL COMP. FULL-TIME PERMANENT,239,3054654.4,3072208.85,fail,segment
CONSULTANTS,2025,MISCELLANEOUS ITEMS,238,PERSONNEL BENEFITS,239,1251467.27,0.0,no_records,segment
CONSULTANTS,2025,MISCELLANEOUS ITEMS,238,NET PAYROLL EXPENSES,239,4306121.67,3072208.85,fail,block_running_total
FEDERAL EMPLOYEES COMPENSATION ACCOUNT,2023,MISCELLANEOUS ITEMS,242,NET PAYROLL EXPENSES,242,218037.27,218037.27,ok,block_running_total
FOREIGN TRAVEL - MEMBERS AND EMPLOYEES,2024,MISCELLANEOUS ITEMS,248,TRAVEL AND TRANSPORTATION OF PERSONS,249,7072.5,7072.5,ok,segment
MOBILE COMMUNICATIONS DEVICES,2024,MISCELLANEOUS ITEMS,259,ACQUISITION OF ASSETS,259,5331.14,5331.14,ok,segment
MOBILE COMMUNICATIONS DEVICES,2025,MISCELLANEOUS ITEMS,260,ACQUISITION OF ASSETS,260,13868.36,13868.36,ok,segment
RESERVE FOR CONTINGENCIES,2023,MISCELLANEOUS ITEMS,263,NET PAYROLL EXPENSES,263,152836.5,152836.5,ok,block_running_total
RESERVE FOR CONTINGENCIES,2024,MISCELLANEOUS ITEMS,264,OTHER CONTRACTUAL SERVICES,264,19781.73,19781.73,ok,segment
RESOLUTION AND REORGANIZATION RESERVE,2023,MISCELLANEOUS ITEMS,273,TRAVEL AND TRANSPORTATION OF PERSONS,273,1052.57,1052.57,ok,segment
RESOLUTION AND REORGANIZATION RESERVE,2025,MISCELLANEOUS ITEMS,275,PERSONNEL COMP. FULL-TIME PERMANENT,277,834315.37,877679.76,fail,segment
RESOLUTION AND REORGANIZATION RESERVE,2025,MISCELLANEOUS ITEMS,275,RE-EMPLOYED ANNUITANTS,277,13024.68,0.0,no_records,segment
RESOLUTION AND REORGANIZATION RESERVE,2025,MISCELLANEOUS ITEMS,275,PERSONNEL BENEFITS,277,245609.85,0.0,no_records,segment
RESOLUTION AND REORGANIZATION RESERVE,2025,MISCELLANEOUS ITEMS,275,NET PAYROLL EXPENSES,277,1092949.9,877679.76,fail,block_running_total
RESOLUTION AND REORGANIZATION RESERVE,2025,MISCELLANEOUS ITEMS,275,ACQUISITION OF ASSETS,277,-1743.23,-1743.23,ok,segment
MISC ITEMS - STUDENT LOANS,2025,MISCELLANEOUS ITEMS,332,PERSONNEL BENEFITS,332,4078974.15,0.0,no_records,segment
MISC ITEMS - STUDENT LOANS,2025,MISCELLANEOUS ITEMS,332,NET PAYROLL EXPENSES,332,4078974.15,0.0,no_records,block_running_total
SECRETARY OF THE SENATE,2020,SECRETARY OF THE SENATE,343,OTHER CONTRACTUAL SERVICES,343,907224.19,907224.19,ok,segment
SECRETARY OF THE SENATE,2021,SECRETARY OF THE SENATE,344,PERSONNEL BENEFITS,344,12641.05,0.0,no_records,segment
SECRETARY OF THE SENATE,2021,SECRETARY OF THE SENATE,344,NET PAYROLL EXPENSES,344,12641.05,0.0,no_records,block_running_total
SECRETARY OF THE SENATE,2021,SECRETARY OF THE SENATE,344,OTHER CONTRACTUAL SERVICES,344,2502.22,2502.22,ok,segment
SECRETARY OF THE SENATE,2021,SECRETARY OF THE SENATE,344,ACQUISITION OF ASSETS,344,2587.5,2587.5,ok,segment
SECRETARY OF THE SENATE,2024,SECRETARY OF THE SENATE,347,TRAVEL AND TRANSPORTATION OF PERSONS,347,81.35,81.35,ok,segment
SECRETARY OF THE SENATE,2024,SECRETARY OF THE SENATE,347,OTHER CONTRACTUAL SERVICES,348,4327.24,4327.24,ok,segment
SECRETARY OF THE SENATE,2025,SECRETARY OF THE SENATE,349,PERSONNEL COMP. FULL-TIME PERMANENT,349,56760.0,56760.0,ok,segment
SECRETARY OF THE SENATE,2025,SECRETARY OF THE SENATE,349,PERSONNEL BENEFITS,349,68841.24,0.0,no_records,segment
SECRETARY OF THE SENATE,2025,SECRETARY OF THE SENATE,349,NET PAYROLL EXPENSES,349,125601.24,56760.0,fail,block_running_total
SECRETARY OF THE SENATE,2025,SECRETARY OF THE SENATE,349,TRAVEL AND TRANSPORTATION OF PERSONS,350,8398.78,8398.78,ok,segment
SECRETARY OF THE SENATE,2025,SECRETARY OF THE SENATE,349,OTHER CONTRACTUAL SERVICES,351,21401.93,21401.93,ok,segment
SECRETARY OF THE SENATE,2025,SECRETARY OF THE SENATE,349,ACQUISITION OF ASSETS,352,11308.11,11308.11,ok,segment
SECRETARY - BUST THURGOOD MARSHALL,2024,SECRETARY OF THE SENATE,353,OTHER CONTRACTUAL SERVICES,353,13200.0,13200.0,ok,segment
SECRETARY - FINANCIAL SYSTEM MODERNIZATION,2024,SECRETARY OF THE SENATE,357,OTHER CONTRACTUAL SERVICES,357,203157.43,203157.43,ok,segment
SECRETARY - FINANCIAL SYSTEM MODERNIZATION,2025,SECRETARY OF THE SENATE,358,OTHER CONTRACTUAL SERVICES,358,2380305.27,2380305.27,ok,segment
SECRETARY - FINANCIAL SYSTEM MODERNIZATION,2025,SECRETARY OF THE SENATE,358,ACQUISITION OF ASSETS,358,2828.28,2828.28,ok,segment
SECRETARY - FINANCIAL SYSTEM MODERNIZATION Funding Year X (NO-YEAR) SECRETARY OF THE SENATE,,,362,OTHER CONTRACTUAL SERVICES,362,986107.0,986106.84,warn,segment
SECRETARY - SENATE COLLECTION Funding Year X (NO-YEAR) SECRETARY OF THE SENATE,,,363,OTHER CONTRACTUAL SERVICES,363,263703.75,263703.75,ok,segment
SECRETARY - PRESERVING/ARCHIVING SENATORS RECORDS Funding Year X (NO-YEAR) SECRETARY OF THE SENATE,,,364,OTHER CONTRACTUAL SERVICES,364,1246721.78,1246721.78,ok,segment
SERGEANT AT ARMS AND DOORKEEPER OF THE SENATE,2019,SERGEANT AT ARMS AND DOORKEEPER,365,OTHER CONTRACTUAL SERVICES,365,16466.95,16466.95,ok,segment
SERGEANT AT ARMS AND DOORKEEPER OF THE SENATE,2019,SERGEANT AT ARMS AND DOORKEEPER,365,ACQUISITION OF ASSETS,365,7832.7,7832.7,ok,segment
SERGEANT AT ARMS AND DOORKEEPER OF THE SENATE,2020,SERGEANT AT ARMS AND DOORKEEPER,366,OTHER CONTRACTUAL SERVICES,366,226446.11,226446.11,ok,segment
SERGEANT AT ARMS AND DOORKEEPER OF THE SENATE,2020,SERGEANT AT ARMS AND DOORKEEPER,366,ACQUISITION OF ASSETS,368,533841.59,533841.59,ok,segment
SERGEANT AT ARMS AND DOORKEEPER OF THE SENATE,2021,SERGEANT AT ARMS AND DOORKEEPER,369,PERSONNEL BENEFITS,369,126115.85,0.0,no_records,segment
SERGEANT AT ARMS AND DOORKEEPER OF THE SENATE,2021,SERGEANT AT ARMS AND DOORKEEPER,369,NET PAYROLL EXPENSES,369,126115.85,0.0,no_records,block_running_total
SERGEANT AT ARMS AND DOORKEEPER OF THE SENATE,2021,SERGEANT AT ARMS AND DOORKEEPER,369,OTHER CONTRACTUAL SERVICES,370,1184282.33,1184282.33,ok,segment
SERGEANT AT ARMS AND DOORKEEPER OF THE SENATE,2021,SERGEANT AT ARMS AND DOORKEEPER,369,ACQUISITION OF ASSETS,370,2706215.69,2706215.69,ok,segment
SERGEANT AT ARMS AND DOORKEEPER OF THE SENATE,2022,SERGEANT AT ARMS AND DOORKEEPER,372,PERSONNEL BENEFITS,372,24000.0,0.0,no_records,segment
SERGEANT AT ARMS AND DOORKEEPER OF THE SENATE,2022,SERGEANT AT ARMS AND DOORKEEPER,372,NET PAYROLL EXPENSES,372,24000.0,0.0,no_records,block_running_total
SERGEANT AT ARMS AND DOORKEEPER OF THE SENATE,2022,SERGEANT AT ARMS AND DOORKEEPER,372,OTHER CONTRACTUAL SERVICES,373,600524.88,600524.88,ok,segment
SERGEANT AT ARMS AND DOORKEEPER OF THE SENATE,2022,SERGEANT AT ARMS AND DOORKEEPER,372,ACQUISITION OF ASSETS,374,5421237.34,5421237.34,ok,segment
SERGEANT AT ARMS AND DOORKEEPER OF THE SENATE,2023,SERGEANT AT ARMS AND DOORKEEPER,376,PERSONNEL BENEFITS,376,47508.05,0.0,no_records,segment
SERGEANT AT ARMS AND DOORKEEPER OF THE SENATE,2023,SERGEANT AT ARMS AND DOORKEEPER,376,NET PAYROLL EXPENSES,376,47508.05,0.0,no_records,block_running_total
SERGEANT AT ARMS AND DOORKEEPER OF THE SENATE,2023,SERGEANT AT ARMS AND DOORKEEPER,376,OTHER CONTRACTUAL SERVICES,379,4573614.94,4573614.94,ok,segment
SERGEANT AT ARMS AND DOORKEEPER OF THE SENATE,2023,SERGEANT AT ARMS AND DOORKEEPER,376,ACQUISITION OF ASSETS,383,6363265.71,6363256.8,fail,segment
SERGEANT AT ARMS AND DOORKEEPER OF THE SENATE,2024,SERGEANT AT ARMS AND DOORKEEPER,384,OTHER CONTRACTUAL SERVICES,384,171112.5,171112.5,ok,segment
SERGEANT AT ARMS AND DOORKEEPER OF THE SENATE,2024,SERGEANT AT ARMS AND DOORKEEPER,385,TRAVEL AND TRANSPORTATION OF PERSONS,385,56652.44,56652.44,ok,segment
SERGEANT AT ARMS AND DOORKEEPER OF THE SENATE,2024,SERGEANT AT ARMS AND DOORKEEPER,385,OTHER CONTRACTUAL SERVICES,392,6811099.63,6811099.63,ok,segment
SERGEANT AT ARMS AND DOORKEEPER OF THE SENATE,2024,SERGEANT AT ARMS AND DOORKEEPER,385,ACQUISITION OF ASSETS,402,3022483.58,3022483.53,warn,segment
SERGEANT AT ARMS AND DOORKEEPER OF THE SENATE,2025,SERGEANT AT ARMS AND DOORKEEPER,404,PERSONNEL BENEFITS,404,6516.93,0.0,no_records,segment
SERGEANT AT ARMS AND DOORKEEPER OF THE SENATE,2025,SERGEANT AT ARMS AND DOORKEEPER,404,NET PAYROLL EXPENSES,404,6516.93,0.0,no_records,block_running_total
SERGEANT AT ARMS AND DOORKEEPER OF THE SENATE,2025,SERGEANT AT ARMS AND DOORKEEPER,404,TRAVEL AND TRANSPORTATION OF PERSONS,437,384191.43,384191.43,ok,segment
SERGEANT AT ARMS AND DOORKEEPER OF THE SENATE,2025,SERGEANT AT ARMS AND DOORKEEPER,404,OTHER CONTRACTUAL SERVICES,464,16698626.83,16698626.78,warn,segment
SERGEANT AT ARMS AND DOORKEEPER OF THE SENATE,2025,SERGEANT AT ARMS AND DOORKEEPER,404,ACQUISITION OF ASSETS,484,12763094.65,12763094.65,ok,segment
SAA - JOINT AUDIBLE WARNING SYSTEM Funding Year X (NO-YEAR) SERGEANT AT ARMS AND DOORKEEPER,,,487,ACQUISITION OF ASSETS,487,161459.01,161459.01,ok,segment
SAA - RESIDENTIAL SECURITY SYSTEM PROGRAM Funding Year X (NO-YEAR) SERGEANT AT ARMS AND DOORKEEPER,,,491,OTHER CONTRACTUAL SERVICES,493,907198.5,907198.5,ok,segment
SAA - RESIDENTIAL SECURITY SYSTEM PROGRAM Funding Year X (NO-YEAR) SERGEANT AT ARMS AND DOORKEEPER,,,491,ACQUISITION OF ASSETS,493,528249.95,528249.95,ok,segment
SAA - SENATE HEARING ROOM AUDIOVISUAL EQUIPMENT Funding Year X (NO-YEAR) SERGEANT AT ARMS AND DOORKEEPER,,,494,OTHER CONTRACTUAL SERVICES,494,28526.41,28526.41,ok,segment
SAA - SENATE HEARING ROOM AUDIOVISUAL EQUIPMENT Funding Year X (NO-YEAR) SERGEANT AT ARMS AND DOORKEEPER,,,494,ACQUISITION OF ASSETS,495,2877873.18,2877873.18,ok,segment
CAUCUS - INTERNATIONAL NARCOTICS CONTROL,2025,CAUCUS ON INTERNATIONAL NARCOTICS CONTROL,498,PERSONNEL COMP. FULL-TIME PERMANENT,498,292695.27,292695.27,ok,segment
CAUCUS - INTERNATIONAL NARCOTICS CONTROL,2025,CAUCUS ON INTERNATIONAL NARCOTICS CONTROL,498,PERSONNEL BENEFITS,498,292.5,0.0,no_records,segment
CAUCUS - INTERNATIONAL NARCOTICS CONTROL,2025,CAUCUS ON INTERNATIONAL NARCOTICS CONTROL,498,NET PAYROLL EXPENSES,498,292987.77,292695.27,fail,block_running_total
SENATOR ANGELA ALSOBROOKS,2025,SENATORS’ OFFICIAL PERSONNEL AND OFFICE EXPENSE ACCOUNT,499,PERSONNEL COMP. FULL-TIME PERMANENT,500,2298101.33,2298101.33,ok,segment
SENATOR ANGELA ALSOBROOKS,2025,SENATORS’ OFFICIAL PERSONNEL AND OFFICE EXPENSE ACCOUNT,499,RE-EMPLOYED ANNUITANTS,500,1812.0,0.0,no_records,segment
SENATOR ANGELA ALSOBROOKS,2025,SENATORS’ OFFICIAL PERSONNEL AND OFFICE EXPENSE ACCOUNT,499,PERSONNEL BENEFITS,500,5308.82,0.0,no_records,segment
SENATOR ANGELA ALSOBROOKS,2025,SENATORS’ OFFICIAL PERSONNEL AND OFFICE EXPENSE ACCOUNT,499,NET PAYROLL EXPENSES,500,2305222.15,2298101.33,fail,block_running_total
SENATOR ANGELA ALSOBROOKS,2025,SENATORS’ OFFICIAL PERSONNEL AND OFFICE EXPENSE ACCOUNT,499,TRAVEL AND TRANSPORTATION OF PERSONS,506,31061.51,31061.51,ok,segment
SENATOR ANGELA ALSOBROOKS,2025,SENATORS’ OFFICIAL PERSONNEL AND OFFICE EXPENSE ACCOUNT,499,OTHER CONTRACTUAL SERVICES,506,54050.0,54050.0,ok,segment
SENATOR ANGELA ALSOBROOKS,2025,SENATORS’ OFFICIAL PERSONNEL AND OFFICE EXPENSE ACCOUNT,499,ACQUISITION OF ASSETS,507,106215.38,106215.38,ok,segment
INTERN COMPENSATION - ALSOBROOKS,2025,SENATORS’ OFFICIAL PERSONNEL AND OFFICE EXPENSE ACCOUNT,508,PERSONNEL COMP. FULL-TIME PERMANENT,508,51003.7,51003.7,ok,segment
INTERN COMPENSATION - ALSOBROOKS,2025,SENATORS’ OFFICIAL PERSONNEL AND OFFICE EXPENSE ACCOUNT,508,NET PAYROLL EXPENSES,508,51003.7,51003.7,ok,block_running_total
SENATOR TAMMY BALDWIN,2025,SENATORS’ OFFICIAL PERSONNEL AND OFFICE EXPENSE ACCOUNT,513,PERSONNEL COMP. FULL-TIME PERMANENT,514,2231630.05,2231630.05,ok,segment
SENATOR TAMMY BALDWIN,2025,SENATORS’ OFFICIAL PERSONNEL AND OFFICE EXPENSE ACCOUNT,513,PERSONNEL BENEFITS,514,4030.4,0.0,no_records,segment
SENATOR TAMMY BALDWIN,2025,SENATORS’ OFFICIAL PERSONNEL AND OFFICE EXPENSE ACCOUNT,513,NET PAYROLL EXPENSES,514,2235660.45,2231630.05,fail,block_running_total
SENATOR TAMMY BALDWIN,2025,SENATORS’ OFFICIAL PERSONNEL AND OFFICE EXPENSE ACCOUNT,513,TRAVEL AND TRANSPORTATION OF PERSONS,527,84488.56,84488.56,ok,segment
SENATOR TAMMY BALDWIN,2025,SENATORS’ OFFICIAL PERSONNEL AND OFFICE EXPENSE ACCOUNT,513,OTHER CONTRACTUAL SERVICES,527,320.0,320.0,ok,segment
SENATOR TAMMY BALDWIN,2025,SENATORS’ OFFICIAL PERSONNEL AND OFFICE EXPENSE ACCOUNT,513,ACQUISITION OF ASSETS,527,69.0,69.0,ok,segment
INTERN COMPENSATION - BALDWIN,2025,SENATORS’ OFFICIAL PERSONNEL AND OFFICE EXPENSE ACCOUNT,528,PERSONNEL COMP. FULL-TIME PERMANENT,528,58150.67,58150.67,ok,segment
INTERN COMPENSATION - BALDWIN,2025,SENATORS’ OFFICIAL PERSONNEL AND OFFICE EXPENSE ACCOUNT,528,NET PAYROLL EXPENSES,528,58150.67,58150.67,ok,block_running_total
SENATOR JIM BANKS,2025,SENATORS’ OFFICIAL PERSONNEL AND OFFICE EXPENSE ACCOUNT,529,PERSONNEL COMP. FULL-TIME PERMANENT,530,2031982.78,2031982.78,ok,segment
SENATOR JIM BANKS,2025,SENATORS’ OFFICIAL PERSONNEL AND OFFICE EXPENSE ACCOUNT,529,PERSONNEL BENEFITS,530,1231.2,0.0,no_records,segment
SENATOR JIM BANKS,2025,SENATORS’ OFFICIAL PERSONNEL AND OFFICE EXPENSE ACCOUNT,529,NET PAYROLL EXPENSES,530,2033213.98,2031982.78,fail,block_running_total
SENATOR JIM BANKS,2025,SENATORS’ OFFICIAL PERSONNEL AND OFFICE EXPENSE ACCOUNT,529,TRAVEL AND TRANSPORTATION OF PERSONS,558,98205.56,98205.56,ok,segment
SENATOR JIM BANKS,2025,SENATORS’ OFFICIAL PERSONNEL AND OFFICE EXPENSE ACCOUNT,529,OTHER CONTRACTUAL SERVICES,559,23015.39,23015.39,ok,segment
SENATOR JIM BANKS,2025,SENATORS’ OFFICIAL PERSONNEL AND OFFICE EXPENSE ACCOUNT,529,ACQUISITION OF ASSETS,559,25733.17,25733.17,ok,segment
INTERN COMPENSATION - BANKS,2025,SENATORS’ OFFICIAL PERSONNEL AND OFFICE EXPENSE ACCOUNT,560,PERSONNEL COMP. FULL-TIME PERMANENT,560,35017.13,35017.13,ok,segment
INTERN COMPENSATION - BANKS,2025,SENATORS’ OFFICIAL PERSONNEL AND OFFICE EXPENSE ACCOUNT,560,NET PAYROLL EXPENSES,560,35017.13,35017.13,ok,block_running_total
SENATOR JOHN BARRASSO,2024,SENATORS’ OFFICIAL PERSONNEL AND OFFICE EXPENSE ACCOUNT,563,TRAVEL AND TRANSPORTATION OF PERSONS,564,11616.76,11616.76,ok,segment
SENATOR JOHN BARRASSO,2025,SENATORS’ OFFICIAL PERSONNEL AND OFFICE EXPENSE ACCOUNT,566,PERSONNEL COMP. FULL-TIME PERMANENT,567,1557764.89,1557764.89,ok,segment
SENATOR JOHN BARRASSO,2025,SENATORS’ OFFICIAL PERSONNEL AND OFFICE EXPENSE ACCOUNT,566,PERSONNEL BENEFITS,567,4180.76,0.0,no_records,segment
SENATOR JOHN BARRASSO,2025,SENATORS’ OFFICIAL PERSONNEL AND OFFICE EXPENSE ACCOUNT,566,NET PAYROLL EXPENSES,567,1561945.65,1557764.89,fail,block_running_total
SENATOR JOHN BARRASSO,2025,SENATORS’ OFFICIAL PERSONNEL AND OFFICE EXPENSE ACCOUNT,566,TRAVEL AND TRANSPORTATION OF PERSONS,575,93421.05,93421.05,ok,segment
SENATOR JOHN BARRASSO,2025,SENATORS’ OFFICIAL PERSONNEL AND OFFICE EXPENSE ACCOUNT,566,OTHER CONTRACTUAL SERVICES,576,35905.0,35905.0,ok,segment
SENATOR JOHN BARRASSO,2025,SENATORS’ OFFICIAL PERSONNEL AND OFFICE EXPENSE ACCOUNT,566,ACQUISITION OF ASSETS,576,11588.82,11588.82,ok,segment
INTERN COMPENSATION - BARRASSO,2025,SENATORS’ OFFICIAL PERSONNEL AND OFFICE EXPENSE ACCOUNT,577,PERSONNEL COMP. FULL-TIME PERMANENT,577,25088.59,25088.59,ok,segment
INTERN COMPENSATION - BARRASSO,2025,SENATORS’ OFFICIAL PERSONNEL AND OFFICE EXPENSE ACCOUNT,577,NET PAYROLL EXPENSES,577,25088.59,25088.59,ok,block_running_total
SENATOR MICHAEL BENNET,2023,SENATORS’ OFFICIAL PERSONNEL AND OFFICE EXPENSE ACCOUNT,578,TRAVEL AND TRANSPORTATION OF PERSONS,578,1066.51,1066.51,ok,segment
SENATOR MICHAEL BENNET,2024,SENATORS’ OFFICIAL PERSONNEL AND OFFICE EXPENSE ACCOUNT,580,TRAVEL AND TRANSPORTATION OF PERSONS,581,2858.33,2858.33,ok,segment
SENATOR MICHAEL BENNET,2024,SENATORS’ OFFICIAL PERSONNEL AND OFFICE EXPENSE ACCOUNT,580,OTHER CONTRACTUAL SERVICES,581,320.0,320.0,ok,segment
SENATOR MICHAEL BENNET,2025,SENATORS’ OFFICIAL PERSONNEL AND OFFICE EXPENSE ACCOUNT,583,PERSONNEL COMP. FULL-TIME PERMANENT,584,2198257.64,2198257.64,ok,segment
SENATOR MICHAEL BENNET,2025,SENATORS’ OFFICIAL PERSONNEL AND OFFICE EXPENSE ACCOUNT,583,PERSONNEL BENEFITS,584,4271.55,0.0,no_records,segment
SENATOR MICHAEL BENNET,2025,SENATORS’ OFFICIAL PERSONNEL AND OFFICE EXPENSE ACCOUNT,583,NET PAYROLL EXPENSES,584,2202529.19,2198257.64,fail,block_running_total
SENATOR MICHAEL BENNET,2025,SENATORS’ OFFICIAL PERSONNEL AND OFFICE EXPENSE ACCOUNT,583,TRAVEL AND TRANSPORTATION OF PERSONS,596,101254.01,101254.01,ok,segment
SENATOR MICHAEL BENNET,2025,SENATORS’ OFFICIAL PERSONNEL AND OFFICE EXPENSE ACCOUNT,583,OTHER CONTRACTUAL SERVICES,596,657.88,657.88,ok,segment
SENATOR MICHAEL BENNET,2025,SENATORS’ OFFICIAL PERSONNEL AND OFFICE EXPENSE ACCOUNT,583,ACQUISITION OF ASSETS,596,88.37,88.37,ok,segment
INTERN COMPENSATION - BENNET,2025,SENATORS’ OFFICIAL PERSONNEL AND OFFICE EXPENSE ACCOUNT,597,PERSONNEL COMP. FULL-TIME PERMANENT,597,39519.99,39519.99,ok,segment
INTERN COMPENSATION - BENNET,2025,SENATORS’ OFFICIAL PERSONNEL AND OFFICE EXPENSE ACCOUNT,597,NET PAYROLL EXPENSES,597,39519.99,39519.99,ok,block_running_total
SENATOR MARSHA BLACKBURN,2025,SENATORS’ OFFICIAL PERSONNEL AND OFFICE EXPENSE ACCOUNT,602,PERSONNEL COMP. FULL-TIME PERMANENT,603,1954196.4,1954196.4,ok,segment
SENATOR MARSHA BLACKBURN,2025,SENATORS’ OFFICIAL PERSONNEL AND OFFICE EXPENSE ACCOUNT,602,PERSONNEL BENEFITS,603,904.4,0.0,no_records,segment
SENATOR MARSHA BLACKBURN,2025,SENATORS’ OFFICIAL PERSONNEL AND OFFICE EXPENSE ACCOUNT,602,NET PAYROLL EXPENSES,603,1955100.8,1954196.4,fail,block_running_total
SENATOR MARSHA BLACKBURN,2025,SENATORS’ OFFICIAL PERSONNEL AND OFFICE EXPENSE ACCOUNT,602,TRAVEL AND TRANSPORTATION OF PERSONS,648,195352.68,195352.68,ok,segment
SENATOR MARSHA BLACKBURN,2025,SENATORS’ OFFICIAL PERSONNEL AND OFFICE EXPENSE ACCOUNT,602,OTHER CONTRACTUAL SERVICES,648,523.42,523.42,ok,segment
SENATOR MARSHA BLACKBURN,2025,SENATORS’ OFFICIAL PERSONNEL AND OFFICE EXPENSE ACCOUNT,602,ACQUISITION OF ASSETS,648,996.44,996.44,ok,segment
INTERN COMPENSATION - BLACKBURN,2025,SENATORS’ OFFICIAL PERSONNEL AND OFFICE EXPENSE ACCOUNT,649,PERSONNEL COMP. FULL-TIME PERMANENT,649,20756.49,20756.49,ok,segment
INTERN COMPENSATION - BLACKBURN,2025,SENATORS’ OFFICIAL PERSONNEL AND OFFICE EXPENSE ACCOUNT,649,NET PAYROLL EXPENSES,649,20756.49,20756.49,ok,block_running_total
SENATOR RICHARD BLUMENTHAL,2023,SENATORS’ OFFICIAL PERSONNEL AND OFFICE EXPENSE ACCOUNT,650,TRAVEL AND TRANSPORTATION OF PERSONS,655,32822.61,32822.61,ok,segment
,,,657,TRAVEL AND TRANSPORTATION OF PERSONS,657,185.36,185.36,ok,segment
,,,657,ACQUISITION OF ASSETS,657,9000.0,9000.0,ok,segment
SENATOR RICHARD BLUMENTHAL,2025,SENATORS’ OFFICIAL PERSONNEL AND OFFICE EXPENSE ACCOUNT,659,PERSONNEL COMP. FULL-TIME PERMANENT,660,2143533.32,2143533.32,ok,segment
SENATOR RICHARD BLUMENTHAL,2025,SENATORS’ OFFICIAL PERSONNEL AND OFFICE EXPENSE ACCOUNT,659,PERSONNEL BENEFITS,660,2288.98,0.0,no_records,segment
SENATOR RICHARD BLUMENTHAL,2025,SENATORS’ OFFICIAL PERSONNEL AND OFFICE EXPENSE ACCOUNT,659,NET PAYROLL EXPENSES,660,2145822.3,2143533.32,fail,block_running_total
SENATOR RICHARD BLUMENTHAL,2025,SENATORS’ OFFICIAL PERSONNEL AND OFFICE EXPENSE ACCOUNT,659,TRAVEL AND TRANSPORTATION OF PERSONS,669,40647.81,40647.81,ok,segment
SENATOR RICHARD BLUMENTHAL,2025,SENATORS’ OFFICIAL PERSONNEL AND OFFICE EXPENSE ACCOUNT,659,OTHER CONTRACTUAL SERVICES,669,416.0,416.0,ok,segment
SENATOR RICHARD BLUMENTHAL,2025,SENATORS’ OFFICIAL PERSONNEL AND OFFICE EXPENSE ACCOUNT,659,ACQUISITION OF ASSETS,669,27.99,27.99,ok,segment
INTERN COMPENSATION - BLUMENTHAL,2025,SENATORS’ OFFICIAL PERSONNEL AND OFFICE EXPENSE ACCOUNT,670,PERSONNEL COMP. FULL-TIME PERMANENT,671,32590.86,32590.86,ok,segment
INTERN COMPENSATION - BLUMENTHAL,2025,SENATORS’ OFFICIAL PERSONNEL AND OFFICE EXPENSE ACCOUNT,670,NET PAYROLL EXPENSES,671,32590.86,32590.86,ok,block_running_total
SENATOR LISA BLUNT ROCHESTER,2025,SENATORS’ OFFICIAL PERSONNEL AND OFFICE EXPENSE ACCOUNT,674,PERSONNEL COMP. FULL-TIME PERMANENT,675,1973990.29,1973990.29,ok,segment
SENATOR LISA BLUNT ROCHESTER,2025,SENATORS’ OFFICIAL PERSONNEL AND OFFICE EXPENSE ACCOUNT,674,PERSONNEL BENEFITS,675,5944.2,0.0,no_records,segment
SENATOR LISA BLUNT ROCHESTER,2025,SENATORS’ OFFICIAL PERSONNEL AND OFFICE EXPENSE ACCOUNT,674,NET PAYROLL EXPENSES,675,1979934.49,1973990.29,fail,block_running_total
SENATOR LISA BLUNT ROCHESTER,2025,SENATORS’ OFFICIAL PERSONNEL AND OFFICE EXPENSE ACCOUNT,674,TRAVEL AND TRANSPORTATION OF PERSONS,686,44735.62,44735.62,ok,segment
SENATOR LISA BLUNT ROCHESTER,2025,SENATORS’ OFFICIAL PERSONNEL AND OFFICE EXPENSE ACCOUNT,674,OTHER CONTRACTUAL SERVICES,686,13345.0,13345.0,ok,segment
SENATOR LISA BLUNT ROCHESTER,2025,SENATORS’ OFFICIAL PERSONNEL AND OFFICE EXPENSE ACCOUNT,674,ACQUISITION OF ASSETS,687,9845.08,9845.08,ok,segment
INTERN COMPENSATION - BLUNT ROCHESTER,2025,SENATORS’ OFFICIAL PERSONNEL AND OFFICE EXPENSE ACCOUNT,688,PERSONNEL COMP. FULL-TIME PERMANENT,688,23825.0,23825.0,ok,segment
INTERN COMPENSATION - BLUNT ROCHESTER,2025,SENATORS’ OFFICIAL PERSONNEL AND OFFICE EXPENSE ACCOUNT,688,NET PAYROLL EXPENSES,688,23825.0,23825.0,ok,block_running_total
SENATOR CORY BOOKER,2023,SENATORS’ OFFICIAL PERSONNEL AND OFFICE EXPENSE ACCOUNT,689,TRAVEL AND TRANSPORTATION OF PERSONS,689,873.0,873.0,ok,segment
SENATOR CORY BOOKER,2023,SENATORS’ OFFICIAL PERSONNEL AND OFFICE EXPENSE ACCOUNT,689,ACQUISITION OF ASSETS,689,36552.42,36552.42,ok,segment
SENATOR CORY BOOKER,2024,SENATORS’ OFFICIAL PERSONNEL AND OFFICE EXPENSE ACCOUNT,691,PERSONNEL BENEFITS,691,1383.24,0.0,no_records,segment
SENATOR CORY BOOKER,2024,SENATORS’ OFFICIAL PERSONNEL AND OFFICE EXPENSE ACCOUNT,691,NET PAYROLL EXPENSES,691,1383.24,0.0,no_records,block_running_total
SENATOR CORY BOOKER,2024,SENATORS’ OFFICIAL PERSONNEL AND OFFICE EXPENSE ACCOUNT,691,TRAVEL AND TRANSPORTATION OF PERSONS,691,168.0,168.0,ok,segment
SENATOR CORY BOOKER,2025,SENATORS’ OFFICIAL PERSONNEL AND OFFICE EXPENSE ACCOUNT,693,PERSONNEL COMP. FULL-TIME PERMANENT,694,2305158.23,2305158.23,ok,segment
SENATOR CORY BOOKER,2025,SENATORS’ OFFICIAL PERSONNEL AND OFFICE EXPENSE ACCOUNT,693,PERSONNEL BENEFITS,694,4775.55,0.0,no_records,segment
SENATOR CORY BOOKER,2025,SENATORS’ OFFICIAL PERSONNEL AND OFFICE EXPENSE ACCOUNT,693,NET PAYROLL EXPENSES,694,2309933.78,2305158.23,fail,block_running_total
SENATOR CORY BOOKER,2025,SENATORS’ OFFICIAL PERSONNEL AND OFFICE EXPENSE ACCOUNT,693,TRAVEL AND TRANSPORTATION OF PERSONS,699,37059.54,37059.54,ok,segment
SENATOR CORY BOOKER,2025,SENATORS’ OFFICIAL PERSONNEL AND OFFICE EXPENSE ACCOUNT,693,OTHER CONTRACTUAL SERVICES,699,1351.5,1351.5,ok,segment
INTERN COMPENSATION - BOOKER,2025,SENATORS’ OFFICIAL PERSONNEL AND OFFICE EXPENSE ACCOUNT,700,PERSONNEL COMP. FULL-TIME PERMANENT,700,60000.0,60000.0,ok,segment
INTERN COMPENSATION - BOOKER,2025,SENATORS’ OFFICIAL PERSONNEL AND OFFICE EXPENSE ACCOUNT,700,NET PAYROLL EXPENSES,700,60000.0,60000.0,ok,block_running_total
SENATOR JOHN BOOZMAN,2025,SENATORS’ OFFICIAL PERSONNEL AND OFFICE EXPENSE ACCOUNT,705,PERSONNEL COMP. FULL-TIME PERMANENT,706,1662529.4,1662529.4,ok,segment
SENATOR JOHN BOOZMAN,2025,SENATORS’ OFFICIAL PERSONNEL AND OFFICE EXPENSE ACCOUNT,705,RE-EMPLOYED ANNUITANTS,706,4554.0,0.0,no_records,segment
SENATOR JOHN BOOZMAN,2025,SENATORS’ OFFICIAL PERSONNEL AND OFFICE EXPENSE ACCOUNT,705,PERSONNEL BENEFITS,706,3961.07,0.0,no_records,segment
SENATOR JOHN BOOZMAN,2025,SENATORS’ OFFICIAL PERSONNEL AND OFFICE EXPENSE ACCOUNT,705,NET PAYROLL EXPENSES,706,1671044.47,1662529.4,fail,block_running_total
SENATOR JOHN BOOZMAN,2025,SENATORS’ OFFICIAL PERSONNEL AND OFFICE EXPENSE ACCOUNT,705,TRAVEL AND TRANSPORTATION OF PERSONS,719,71066.71,71066.71,ok,segment
SENATOR JOHN BOOZMAN,2025,SENATORS’ OFFICIAL PERSONNEL AND OFFICE EXPENSE ACCOUNT,705,OTHER CONTRACTUAL SERVICES,719,2210.88,2210.88,ok,segment
SENATOR JOHN BOOZMAN,2025,SENATORS’ OFFICIAL PERSONNEL AND OFFICE EXPENSE ACCOUNT,705,ACQUISITION OF ASSETS,719,3500.0,3500.0,ok,segment
INTERN COMPENSATION - BOOZMAN,2025,SENATORS’ OFFICIAL PERSONNEL AND OFFICE EXPENSE ACCOUNT,720,PERSONNEL COMP. FULL-TIME PERMANENT,720,48501.15,48501.15,ok,segment
INTERN COMPENSATION - BOOZMAN,2025,SENATORS’ OFFICIAL PERSONNEL AND OFFICE EXPENSE ACCOUNT,720,NET PAYROLL EXPENSES,720,48501.15,48501.15,ok,block_running_total
SENATOR KATIE BRITT,2025,SENATORS’ OFFICIAL PERSONNEL AND OFFICE EXPENSE ACCOUNT,731,PERSONNEL COMP. FULL-TIME PERMANENT,732,1896272.63,1896272.63,ok,segment
SENATOR KATIE BRITT,2025,SENATORS’ OFFICIAL PERSONNEL AND OFFICE EXPENSE ACCOUNT,731,PERSONNEL BENEFITS,732,1563.6,0.0,no_records,segment
SENATOR KATIE BRITT,2025,SENATORS’ OFFICIAL PERSONNEL AND OFFICE EXPENSE ACCOUNT,731,NET PAYROLL EXPENSES,732,1897836.23,1896272.63,fail,block_running_total
SENATOR KATIE BRITT,2025,SENATORS’ OFFICIAL PERSONNEL AND OFFICE EXPENSE ACCOUNT,731,TRAVEL AND TRANSPORTATION OF PERSONS,743,90584.75,90584.75,ok,segment
SENATOR KATIE BRITT,2025,SENATORS’ OFFICIAL PERSONNEL AND OFFICE EXPENSE ACCOUNT,731,OTHER CONTRACTUAL SERVICES,744,3604.85,3604.85,ok,segment
SENATOR KATIE BRITT,2025,SENATORS’ OFFICIAL PERSONNEL AND OFFICE EXPENSE ACCOUNT,731,ACQUISITION OF ASSETS,744,36955.69,36955.69,ok,segment
INTERN COMPENSATION - BRITT,2025,SENATORS’ OFFICIAL PERSONNEL AND OFFICE EXPENSE ACCOUNT,745,PERSONNEL COMP. FULL-TIME PERMANENT,745,48966.04,48966.04,ok,segment
INTERN COMPENSATION - BRITT,2025,SENATORS’ OFFICIAL PERSONNEL AND OFFICE EXPENSE ACCOUNT,745,NET PAYROLL EXPENSES,746,48966.04,48966.04,ok,block_running_total
SENATOR SHERROD BROWN,2025,SENATORS’ OFFICIAL PERSONNEL AND OFFICE EXPENSE ACCOUNT,751,OTHER CONTRACTUAL SERVICES,751,550.0,550.0,ok,segment
SENATOR THEODORE BUDD,2024,SENATORS’ OFFICIAL PERSONNEL AND OFFICE EXPENSE ACCOUNT,755,ACQUISITION OF ASSETS,755,1740.53,1740.53,ok,segment
SENATOR THEODORE BUDD,2025,SENATORS’ OFFICIAL PERSONNEL AND OFFICE EXPENSE ACCOUNT,757,PERSONNEL COMP. FULL-TIME PERMANENT,758,2249538.29,2186146.69,fail,segment
SENATOR THEODORE BUDD,2025,SENATORS’ OFFICIAL PERSONNEL AND OFFICE EXPENSE ACCOUNT,757,PERSONNEL BENEFITS,758,3467.45,0.0,no_records,segment
SENATOR THEODORE BUDD,2025,SENATORS’ OFFICIAL PERSONNEL AND OFFICE EXPENSE ACCOUNT,757,NET PAYROLL EXPENSES,758,2253005.74,2186146.69,fail,block_running_total
SENATOR THEODORE BUDD,2025,SENATORS’ OFFICIAL PERSONNEL AND OFFICE EXPENSE ACCOUNT,757,TRAVEL AND TRANSPORTATION OF PERSONS,770,108338.01,108338.01,ok,segment
SENATOR THEODORE BUDD,2025,SENATORS’ OFFICIAL PERSONNEL AND OFFICE EXPENSE ACCOUNT,757,OTHER CONTRACTUAL SERVICES,770,10059.88,10059.88,ok,segment
SENATOR THEODORE BUDD,2025,SENATORS’ OFFICIAL PERSONNEL AND OFFICE EXPENSE ACCOUNT,757,ACQUISITION OF ASSETS,770,5997.6,5997.6,ok,segment
INTERN COMPENSATION - BUDD,2025,SENATORS’ OFFICIAL PERSONNEL AND OFFICE EXPENSE ACCOUNT,771,PERSONNEL COMP. FULL-TIME PERMANENT,771,28019.13,28019.13,ok,segment
INTERN COMPENSATION - BUDD,2025,SENATORS’ OFFICIAL PERSONNEL AND OFFICE EXPENSE ACCOUNT,771,NET PAYROLL EXPENSES,771,28019.13,28019.13,ok,block_running_total
SENATOR LAPHONZA BUTLER,2024,SENATORS’ OFFICIAL PERSONNEL AND OFFICE EXPENSE ACCOUNT,774,TRAVEL AND TRANSPORTATION OF PERSONS,774,1549.27,1549.27,ok,segment
SENATOR MARIA CANTWELL,2025,SENATORS’ OFFICIAL PERSONNEL AND OFFICE EXPENSE ACCOUNT,782,PERSONNEL COMP. FULL-TIME PERMANENT,783,2316153.79,2316153.79,ok,segment
SENATOR MARIA CANTWELL,2025,SENATORS’ OFFICIAL PERSONNEL AND OFFICE EXPENSE ACCOUNT,782,PERSONNEL BENEFITS,783,6008.26,0.0,no_records,segment
SENATOR MARIA CANTWELL,2025,SENATORS’ OFFICIAL PERSONNEL AND OFFICE EXPENSE ACCOUNT,782,NET PAYROLL EXPENSES,783,2322162.05,2316153.79,fail,block_running_total
SENATOR MARIA CANTWELL,2025,SENATORS’ OFFICIAL PERSONNEL AND OFFICE EXPENSE ACCOUNT,782,TRAVEL AND TRANSPORTATION OF PERSONS,794,62527.38,62527.38,ok,segment
SENATOR MARIA CANTWELL,2025,SENATORS’ OFFICIAL PERSONNEL AND OFFICE EXPENSE ACCOUNT,782,OTHER CONTRACTUAL SERVICES,794,2691.45,2691.45,ok,segment
SENATOR MARIA CANTWELL,2025,SENATORS’ OFFICIAL PERSONNEL AND OFFICE EXPENSE ACCOUNT,782,ACQUISITION OF ASSETS,794,260.21,260.21,ok,segment
INTERN COMPENSATION - CANTWELL,2025,SENATORS’ OFFICIAL PERSONNEL AND OFFICE EXPENSE ACCOUNT,795,PERSONNEL COMP. FULL-TIME PERMANENT,795,32246.04,32246.04,ok,segment
INTERN COMPENSATION - CANTWELL,2025,SENATORS’ OFFICIAL PERSONNEL AND OFFICE EXPENSE ACCOUNT,795,NET PAYROLL EXPENSES,795,32246.04,32246.04,ok,block_running_total
SENATOR SHELLEY MOORE CAPITO,2025,SENATORS’ OFFICIAL PERSONNEL AND OFFICE EXPENSE ACCOUNT,800,PERSONNEL COMP. FULL-TIME PERMANENT,801,1563151.05,1563151.05,ok,segment
SENATOR SHELLEY MOORE CAPITO,2025,SENATORS’ OFFICIAL PERSONNEL AND OFFICE EXPENSE ACCOUNT,800,RE-EMPLOYED ANNUITANTS,801,3390.0,0.0,no_records,segment
SENATOR SHELLEY MOORE CAPITO,2025,SENATORS’ OFFICIAL PERSONNEL AND OFFICE EXPENSE ACCOUNT,800,PERSONNEL BENEFITS,801,2782.74,0.0,no_records,segment
SENATOR SHELLEY MOORE CAPITO,2025,SENATORS’ OFFICIAL PERSONNEL AND OFFICE EXPENSE ACCOUNT,800,NET PAYROLL EXPENSES,801,1569323.79,1563151.05,fail,block_running_total
SENATOR SHELLEY MOORE CAPITO,2025,SENATORS’ OFFICIAL PERSONNEL AND OFFICE EXPENSE ACCOUNT,800,TRAVEL AND TRANSPORTATION OF PERSONS,814,68969.51,68969.51,ok,segment
SENATOR SHELLEY MOORE CAPITO,2025,SENATORS’ OFFICIAL PERSONNEL AND OFFICE EXPENSE ACCOUNT,800,OTHER CONTRACTUAL SERVICES,814,7995.0,7995.0,ok,segment
SENATOR SHELLEY MOORE CAPITO,2025,SENATORS’ OFFICIAL PERSONNEL AND OFFICE EXPENSE ACCOUNT,800,ACQUISITION OF ASSETS,814,199.95,199.95,ok,segment
INTERN COMPENSATION - CAPITO,2025,SENATORS’ OFFICIAL PERSONNEL AND OFFICE EXPENSE ACCOUNT,815,PERSONNEL COMP. FULL-TIME PERMANENT,815,45991.47,45991.47,ok,segment
INTERN COMPENSATION - CAPITO,2025,SENATORS’ OFFICIAL PERSONNEL AND OFFICE EXPENSE ACCOUNT,815,NET PAYROLL EXPENSES,815,45991.47,45991.47,ok,block_running_total
SENATOR BENJAMIN L. CARDIN,2025,SENATORS’ OFFICIAL PERSONNEL AND OFFICE EXPENSE ACCOUNT,820,ACQUISITION OF ASSETS,820,-249.04,-249.04,ok,segment
SENATOR ROBERT CASEY,2025,SENATORS’ OFFICIAL PERSONNEL AND OFFICE EXPENSE ACCOUNT,832,PERSONNEL COMP. FULL-TIME PERMANENT,832,-1222.22,-1222.22,ok,segment
SENATOR ROBERT CASEY,2025,SENATORS’ OFFICIAL PERSONNEL AND OFFICE EXPENSE ACCOUNT,832,NET PAYROLL EXPENSES,832,-1222.22,-1222.22,ok,block_running_total
SENATOR BILL CASSIDY,2025,SENATORS’ OFFICIAL PERSONNEL AND OFFICE EXPENSE ACCOUNT,838,PERSONNEL COMP. FULL-TIME PERMANENT,839,1958717.98,1958717.98,ok,segment
SENATOR BILL CASSIDY,2025,SENATORS’ OFFICIAL PERSONNEL AND OFFICE EXPENSE ACCOUNT,838,PERSONNEL BENEFITS,839,5976.16,0.0,no_records,segment
SENATOR BILL CASSIDY,2025,SENATORS’ OFFICIAL PERSONNEL AND OFFICE EXPENSE ACCOUNT,838,NET PAYROLL EXPENSES,839,1964694.14,1958717.98,fail,block_running_total
SENATOR BILL CASSIDY,2025,SENATORS’ OFFICIAL PERSONNEL AND OFFICE EXPENSE ACCOUNT,838,TRAVEL AND TRANSPORTATION OF PERSONS,856,127140.14,127140.14,ok,segment
SENATOR BILL CASSIDY,2025,SENATORS’ OFFICIAL PERSONNEL AND OFFICE EXPENSE ACCOUNT,838,OTHER CONTRACTUAL SERVICES,856,3113.11,3113.11,ok,segment
SENATOR BILL CASSIDY,2025,SENATORS’ OFFICIAL PERSONNEL AND OFFICE EXPENSE ACCOUNT,838,ACQUISITION OF ASSETS,857,6131.46,6131.46,ok,segment
INTERN COMPENSATION - CASSIDY,2025,SENATORS’ OFFICIAL PERSONNEL AND OFFICE EXPENSE ACCOUNT,858,PERSONNEL COMP. FULL-TIME PERMANENT,859,53649.98,53649.98,ok,segment
INTERN COMPENSATION - CASSIDY,2025,SENATORS’ OFFICIAL PERSONNEL AND OFFICE EXPENSE ACCOUNT,858,NET PAYROLL EXPENSES,859,53649.98,53649.98,ok,block_running_total
SENATOR SUSAN M. COLLINS,2024,SENATORS’ OFFICIAL PERSONNEL AND OFFICE EXPENSE ACCOUNT,862,OTHER CONTRACTUAL SERVICES,862,50000.0,50000.0,ok,segment
SENATOR SUSAN M. COLLINS,2025,SENATORS’ OFFICIAL PERSONNEL AND OFFICE EXPENSE ACCOUNT,864,PERSONNEL COMP. FULL-TIME PERMANENT,865,1816612.76,1816612.76,ok,segment
SENATOR SUSAN M. COLLINS,2025,SENATORS’ OFFICIAL PERSONNEL AND OFFICE EXPENSE ACCOUNT,864,RE-EMPLOYED ANNUITANTS,865,37818.0,0.0,no_records,segment
SENATOR SUSAN M. COLLINS,2025,SENATORS’ OFFICIAL PERSONNEL AND OFFICE EXPENSE ACCOUNT,864,PERSONNEL BENEFITS,865,3227.42,0.0,no_records,segment
SENATOR SUSAN M. COLLINS,2025,SENATORS’ OFFICIAL PERSONNEL AND OFFICE EXPENSE ACCOUNT,864,NET PAYROLL EXPENSES,865,1857658.18,1816612.76,fail,block_running_total
SENATOR SUSAN M. COLLINS,2025,SENATORS’ OFFICIAL PERSONNEL AND OFFICE EXPENSE ACCOUNT,864,TRAVEL AND TRANSPORTATION OF PERSONS,880,78061.16,78061.16,ok,segment
SENATOR SUSAN M. COLLINS,2025,SENATORS’ OFFICIAL PERSONNEL AND OFFICE EXPENSE ACCOUNT,864,OTHER CONTRACTUAL SERVICES,880,49995.0,49995.0,ok,segment
SENATOR SUSAN M. COLLINS,2025,SENATORS’ OFFICIAL PERSONNEL AND OFFICE EXPENSE ACCOUNT,864,ACQUISITION OF ASSETS,880,1681.75,1681.75,ok,segment
INTERN COMPENSATION - COLLINS,2025,SENATORS’ OFFICIAL PERSONNEL AND OFFICE EXPENSE ACCOUNT,881,PERSONNEL COMP. FULL-TIME PERMANENT,881,58957.55,58957.55,ok,segment
INTERN COMPENSATION - COLLINS,2025,SENATORS’ OFFICIAL PERSONNEL AND OFFICE EXPENSE ACCOUNT,881,NET PAYROLL EXPENSES,881,58957.55,58957.55,ok,block_running_total
SENATOR CHRISTOPHER A. COONS,2024,SENATORS’ OFFICIAL PERSONNEL AND OFFICE EXPENSE ACCOUNT,884,TRAVEL AND TRANSPORTATION OF PERSONS,884,1445.0,1445.0,ok,segment
SENATOR CHRISTOPHER A. COONS,2025,SENATORS’ OFFICIAL PERSONNEL AND OFFICE EXPENSE ACCOUNT,886,PERSONNEL COMP. FULL-TIME PERMANENT,887,2205761.9,2205761.9,ok,segment
SENATOR CHRISTOPHER A. COONS,2025,SENATORS’ OFFICIAL PERSONNEL AND OFFICE EXPENSE ACCOUNT,886,RE-EMPLOYED ANNUITANTS,887,8890.0,0.0,no_records,segment
SENATOR CHRISTOPHER A. COONS,2025,SENATORS’ OFFICIAL PERSONNEL AND OFFICE EXPENSE ACCOUNT,886,PERSONNEL BENEFITS,887,1987.54,0.0,no_records,segment
SENATOR CHRISTOPHER A. COONS,2025,SENATORS’ OFFICIAL PERSONNEL AND OFFICE EXPENSE ACCOUNT,886,NET PAYROLL EXPENSES,887,2216639.44,2205761.9,fail,block_running_total
SENATOR CHRISTOPHER A. COONS,2025,SENATORS’ OFFICIAL PERSONNEL AND OFFICE EXPENSE ACCOUNT,886,TRAVEL AND TRANSPORTATION OF PERSONS,899,55035.67,55035.67,ok,segment
SENATOR CHRISTOPHER A. COONS,2025,SENATORS’ OFFICIAL PERSONNEL AND OFFICE EXPENSE ACCOUNT,886,OTHER CONTRACTUAL SERVICES,899,1779.7,1779.7,ok,segment
SENATOR CHRISTOPHER A. COONS,2025,SENATORS’ OFFICIAL PERSONNEL AND OFFICE EXPENSE ACCOUNT,886,ACQUISITION OF ASSETS,899,30157.73,30157.73,ok,segment
INTERN COMPENSATION - COONS,2025,SENATORS’ OFFICIAL PERSONNEL AND OFFICE EXPENSE ACCOUNT,900,PERSONNEL COMP. FULL-TIME PERMANENT,900,35135.28,35135.28,ok,segment
INTERN COMPENSATION - COONS,2025,SENATORS’ OFFICIAL PERSONNEL AND OFFICE EXPENSE ACCOUNT,900,NET PAYROLL EXPENSES,900,35135.28,35135.28,ok,block_running_total
,,,903,TRAVEL AND TRANSPORTATION OF PERSONS,903,3583.62,3583.62,ok,segment
SENATOR JOHN CORNYN,2025,SENATORS’ OFFICIAL PERSONNEL AND OFFICE EXPENSE ACCOUNT,905,PERSONNEL COMP. FULL-TIME PERMANENT,907,2750017.43,2750017.43,ok,segment
SENATOR JOHN CORNYN,2025,SENATORS’ OFFICIAL PERSONNEL AND OFFICE EXPENSE ACCOUNT,905,PERSONNEL BENEFITS,907,2826.58,0.0,no_records,segment
SENATOR JOHN CORNYN,2025,SENATORS’ OFFICIAL PERSONNEL AND OFFICE EXPENSE ACCOUNT,905,NET PAYROLL EXPENSES,907,2752844.01,2750017.43,fail,block_running_total
SENATOR JOHN CORNYN,2025,SENATORS’ OFFICIAL PERSONNEL AND OFFICE EXPENSE ACCOUNT,905,TRAVEL AND TRANSPORTATION OF PERSONS,918,138990.23,138987.41,fail,segment
SENATOR JOHN CORNYN,2025,SENATORS’ OFFICIAL PERSONNEL AND OFFICE EXPENSE ACCOUNT,905,OTHER CONTRACTUAL SERVICES,918,35159.88,35159.88,ok,segment
SENATOR JOHN CORNYN,2025,SENATORS’ OFFICIAL PERSONNEL AND OFFICE EXPENSE ACCOUNT,905,ACQUISITION OF ASSETS,918,770.37,770.37,ok,segment
INTERN COMPENSATION - CORNYN,2025,SENATORS’ OFFICIAL PERSONNEL AND OFFICE EXPENSE ACCOUNT,919,PERSONNEL COMP. FULL-TIME PERMANENT,919,42175.0,42175.0,ok,segment
INTERN COMPENSATION - CORNYN,2025,SENATORS’ OFFICIAL PERSONNEL AND OFFICE EXPENSE ACCOUNT,919,NET PAYROLL EXPENSES,920,42175.0,42175.0,ok,block_running_total
SENATOR CATHERINE CORTEZ MASTO,2024,SENATORS’ OFFICIAL PERSONNEL AND OFFICE EXPENSE ACCOUNT,923,ACQUISITION OF ASSETS,923,5788.92,5788.92,ok,segment
SENATOR CATHERINE CORTEZ MASTO,2025,SENATORS’ OFFICIAL PERSONNEL AND OFFICE EXPENSE ACCOUNT,925,PERSONNEL COMP. FULL-TIME PERMANENT,927,2194384.22,2194384.22,ok,segment
SENATOR CATHERINE CORTEZ MASTO,2025,SENATORS’ OFFICIAL PERSONNEL AND OFFICE EXPENSE ACCOUNT,925,PERSONNEL BENEFITS,927,7106.27,0.0,no_records,segment
SENATOR CATHERINE CORTEZ MASTO,2025,SENATORS’ OFFICIAL PERSONNEL AND OFFICE EXPENSE ACCOUNT,925,NET PAYROLL EXPENSES,927,2201490.49,2194384.22,fail,block_running_total
SENATOR CATHERINE CORTEZ MASTO,2025,SENATORS’ OFFICIAL PERSONNEL AND OFFICE EXPENSE ACCOUNT,925,TRAVEL AND TRANSPORTATION OF PERSONS,933,81475.64,81475.64,ok,segment
SENATOR CATHERINE CORTEZ MASTO,2025,SENATORS’ OFFICIAL PERSONNEL AND OFFICE EXPENSE ACCOUNT,925,OTHER CONTRACTUAL SERVICES,933,586.0,586.0,ok,segment
SENATOR CATHERINE CORTEZ MASTO,2025,SENATORS’ OFFICIAL PERSONNEL AND OFFICE EXPENSE ACCOUNT,925,ACQUISITION OF ASSETS,933,1191.15,1191.15,ok,segment
INTERN COMPENSATION - CORTEZ MASTO,2025,SENATORS’ OFFICIAL PERSONNEL AND OFFICE EXPENSE ACCOUNT,934,PERSONNEL COMP. FULL-TIME PERMANENT,934,8430.46,8430.46,ok,segment
INTERN COMPENSATION - CORTEZ MASTO,2025,SENATORS’ OFFICIAL PERSONNEL AND OFFICE EXPENSE ACCOUNT,934,NET PAYROLL EXPENSES,934,8430.46,8430.46,ok,block_running_total
SENATOR TOM COTTON,2025,SENATORS’ OFFICIAL PERSONNEL AND OFFICE EXPENSE ACCOUNT,939,PERSONNEL COMP. FULL-TIME PERMANENT,940,1972772.13,1972772.13,ok,segment
SENATOR TOM COTTON,2025,SENATORS’ OFFICIAL PERSONNEL AND OFFICE EXPENSE ACCOUNT,939,PERSONNEL BENEFITS,940,1931.0,0.0,no_records,segment
SENATOR TOM COTTON,2025,SENATORS’ OFFICIAL PERSONNEL AND OFFICE EXPENSE ACCOUNT,939,NET PAYROLL EXPENSES,940,1974703.13,1972772.13,fail,block_running_total
SENATOR TOM COTTON,2025,SENATORS’ OFFICIAL PERSONNEL AND OFFICE EXPENSE ACCOUNT,939,TRAVEL AND TRANSPORTATION OF PERSONS,951,48148.41,48148.41,ok,segment
SENATOR TOM COTTON,2025,SENATORS’ OFFICIAL PERSONNEL AND OFFICE EXPENSE ACCOUNT,939,ACQUISITION OF ASSETS,951,12473.72,12473.72,ok,segment
INTERN COMPENSATION - COTTON,2025,SENATORS’ OFFICIAL PERSONNEL AND OFFICE EXPENSE ACCOUNT,952,PERSONNEL COMP. FULL-TIME PERMANENT,952,29700.0,29700.0,ok,segment
INTERN COMPENSATION - COTTON,2025,SENATORS’ OFFICIAL PERSONNEL AND OFFICE EXPENSE ACCOUNT,952,NET PAYROLL EXPENSES,952,29700.0,29700.0,ok,block_running_total
SENATOR KEVIN CRAMER,2024,SENATORS’ OFFICIAL PERSONNEL AND OFFICE EXPENSE ACCOUNT,955,TRAVEL AND TRANSPORTATION OF PERSONS,955,1587.37,1587.37,ok,segment
SENATOR KEVIN CRAMER,2025,SENATORS’ OFFICIAL PERSONNEL AND OFFICE EXPENSE ACCOUNT,957,PERSONNEL COMP. FULL-TIME PERMANENT,958,1839306.46,1839306.46,ok,segment
SENATOR KEVIN CRAMER,2025,SENATORS’ OFFICIAL PERSONNEL AND OFFICE EXPENSE ACCOUNT,957,NET PAYROLL EXPENSES,958,1839306.46,1839306.46,ok,block_running_total
SENATOR KEVIN CRAMER,2025,SENATORS’ OFFICIAL PERSONNEL AND OFFICE EXPENSE ACCOUNT,957,TRAVEL AND TRANSPORTATION OF PERSONS,970,105999.65,105999.65,ok,segment
SENATOR KEVIN CRAMER,2025,SENATORS’ OFFICIAL PERSONNEL AND OFFICE EXPENSE ACCOUNT,957,OTHER CONTRACTUAL SERVICES,970,7841.75,7841.75,ok,segment
SENATOR KEVIN CRAMER,2025,SENATORS’ OFFICIAL PERSONNEL AND OFFICE EXPENSE ACCOUNT,957,ACQUISITION OF ASSETS,970,5699.24,5699.24,ok,segment
INTERN COMPENSATION - CRAMER,2025,SENATORS’ OFFICIAL PERSONNEL AND OFFICE EXPENSE ACCOUNT,971,PERSONNEL COMP. FULL-TIME PERMANENT,971,35557.33,35557.33,ok,segment
INTERN COMPENSATION - CRAMER,2025,SENATORS’ OFFICIAL PERSONNEL AND OFFICE EXPENSE ACCOUNT,971,NET PAYROLL EXPENSES,971,35557.33,35557.33,ok,block_running_total
SENATOR MICHAEL D. CRAPO,2023,SENATORS’ OFFICIAL PERSONNEL AND OFFICE EXPENSE ACCOUNT,972,OTHER CONTRACTUAL SERVICES,972,1000.0,1000.0,ok,segment
SENATOR MICHAEL D. CRAPO,2025,SENATORS’ OFFICIAL PERSONNEL AND OFFICE EXPENSE ACCOUNT,976,PERSONNEL COMP. FULL-TIME PERMANENT,977,2239576.72,2239576.72,ok,segment
SENATOR MICHAEL D. CRAPO,2025,SENATORS’ OFFICIAL PERSONNEL AND OFFICE EXPENSE ACCOUNT,976,PERSONNEL BENEFITS,977,4897.06,0.0,no_records,segment
SENATOR MICHAEL D. CRAPO,2025,SENATORS’ OFFICIAL PERSONNEL AND OFFICE EXPENSE ACCOUNT,976,NET PAYROLL EXPENSES,977,2244473.78,2239576.72,fail,block_running_total
SENATOR MICHAEL D. CRAPO,2025,SENATORS’ OFFICIAL PERSONNEL AND OFFICE EXPENSE ACCOUNT,976,TRAVEL AND TRANSPORTATION OF PERSONS,981,44766.5,44766.5,ok,segment
SENATOR MICHAEL D. CRAPO,2025,SENATORS’ OFFICIAL PERSONNEL AND OFFICE EXPENSE ACCOUNT,976,OTHER CONTRACTUAL SERVICES,981,2935.12,2935.12,ok,segment
SENATOR MICHAEL D. CRAPO,2025,SENATORS’ OFFICIAL PERSONNEL AND OFFICE EXPENSE ACCOUNT,976,ACQUISITION OF ASSETS,981,59.99,59.99,ok,segment
INTERN COMPENSATION - CRAPO,2025,SENATORS’ OFFICIAL PERSONNEL AND OFFICE EXPENSE ACCOUNT,982,PERSONNEL COMP. FULL-TIME PERMANENT,982,22983.91,22983.91,ok,segment
INTERN COMPENSATION - CRAPO,2025,SENATORS’ OFFICIAL PERSONNEL AND OFFICE EXPENSE ACCOUNT,982,NET PAYROLL EXPENSES,982,22983.91,22983.91,ok,block_running_total
SENATOR TED CRUZ,2025,SENATORS’ OFFICIAL PERSONNEL AND OFFICE EXPENSE ACCOUNT,987,PERSONNEL COMP. FULL-TIME PERMANENT,989,2769367.39,2769367.39,ok,segment
SENATOR TED CRUZ,2025,SENATORS’ OFFICIAL PERSONNEL AND OFFICE EXPENSE ACCOUNT,987,PERSONNEL BENEFITS,989,4016.85,0.0,no_records,segment
SENATOR TED CRUZ,2025,SENATORS’ OFFICIAL PERSONNEL AND OFFICE EXPENSE ACCOUNT,987,NET PAYROLL EXPENSES,989,2773384.24,2769367.39,fail,block_running_total
SENATOR TED CRUZ,2025,SENATORS’ OFFICIAL PERSONNEL AND OFFICE EXPENSE ACCOUNT,987,TRAVEL AND TRANSPORTATION OF PERSONS,1011,207834.5,207834.5,ok,segment
SENATOR TED CRUZ,2025,SENATORS’ OFFICIAL PERSONNEL AND OFFICE EXPENSE ACCOUNT,987,OTHER CONTRACTUAL SERVICES,1011,660.12,660.12,ok,segment
SENATOR TED CRUZ,2025,SENATORS’ OFFICIAL PERSONNEL AND OFFICE EXPENSE ACCOUNT,987,ACQUISITION OF ASSETS,1012,325.03,325.03,ok,segment
INTERN COMPENSATION - CRUZ,2025,SENATORS’ OFFICIAL PERSONNEL AND OFFICE EXPENSE ACCOUNT,1013,PERSONNEL COMP. FULL-TIME PERMANENT,1013,35670.71,35670.71,ok,segment
INTERN COMPENSATION - CRUZ,2025,SENATORS’ OFFICIAL PERSONNEL AND OFFICE EXPENSE ACCOUNT,1013,NET PAYROLL EXPENSES,1013,35670.71,35670.71,ok,block_running_total
SENATOR JOHN CURTIS,2025,SENATORS’ OFFICIAL PERSONNEL AND OFFICE EXPENSE ACCOUNT,1014,PERSONNEL COMP. FULL-TIME PERMANENT,1015,1894582.89,1894582.89,ok,segment
SENATOR JOHN CURTIS,2025,SENATORS’ OFFICIAL PERSONNEL AND OFFICE EXPENSE ACCOUNT,1014,PERSONNEL BENEFITS,1015,2712.75,0.0,no_records,segment
SENATOR JOHN CURTIS,2025,SENATORS’ OFFICIAL PERSONNEL AND OFFICE EXPENSE ACCOUNT,1014,NET PAYROLL EXPENSES,1015,1897295.64,1894582.89,fail,block_running_total
SENATOR JOHN CURTIS,2025,SENATORS’ OFFICIAL PERSONNEL AND OFFICE EXPENSE ACCOUNT,1014,TRAVEL AND TRANSPORTATION OF PERSONS,1036,154397.08,154396.05,fail,segment
SENATOR JOHN CURTIS,2025,SENATORS’ OFFICIAL PERSONNEL AND OFFICE EXPENSE ACCOUNT,1014,OTHER CONTRACTUAL SERVICES,1036,246.21,246.21,ok,segment
SENATOR JOHN CURTIS,2025,SENATORS’ OFFICIAL PERSONNEL AND OFFICE EXPENSE ACCOUNT,1014,ACQUISITION OF ASSETS,1037,9901.19,9901.19,ok,segment
INTERN COMPENSATION - CURTIS,2025,SENATORS’ OFFICIAL PERSONNEL AND OFFICE EXPENSE ACCOUNT,1038,PERSONNEL COMP. FULL-TIME PERMANENT,1038,20924.63,20924.63,ok,segment
INTERN COMPENSATION - CURTIS,2025,SENATORS’ OFFICIAL PERSONNEL AND OFFICE EXPENSE ACCOUNT,1038,NET PAYROLL EXPENSES,1038,20924.63,20924.63,ok,block_running_total
SENATOR STEVE DAINES,2025,SENATORS’ OFFICIAL PERSONNEL AND OFFICE EXPENSE ACCOUNT,1043,PERSONNEL COMP. FULL-TIME PERMANENT,1044,1788715.01,1788715.01,ok,segment
SENATOR STEVE DAINES,2025,SENATORS’ OFFICIAL PERSONNEL AND OFFICE EXPENSE ACCOUNT,1043,PERSONNEL BENEFITS,1044,2396.93,0.0,no_records,segment
SENATOR STEVE DAINES,2025,SENATORS’ OFFICIAL PERSONNEL AND OFFICE EXPENSE ACCOUNT,1043,NET PAYROLL EXPENSES,1044,1791111.94,1788715.01,fail,block_running_total
SENATOR STEVE DAINES,2025,SENATORS’ OFFICIAL PERSONNEL AND OFFICE EXPENSE ACCOUNT,1043,TRAVEL AND TRANSPORTATION OF PERSONS,1064,182738.0,182738.0,ok,segment
SENATOR STEVE DAINES,2025,SENATORS’ OFFICIAL PERSONNEL AND OFFICE EXPENSE ACCOUNT,1043,OTHER CONTRACTUAL SERVICES,1065,4124.97,4124.97,ok,segment
SENATOR STEVE DAINES,2025,SENATORS’ OFFICIAL PERSONNEL AND OFFICE EXPENSE ACCOUNT,1043,ACQUISITION OF ASSETS,1065,1982.89,1982.89,ok,segment
INTERN COMPENSATION - DAINES,2025,SENATORS’ OFFICIAL PERSONNEL AND OFFICE EXPENSE ACCOUNT,1066,PERSONNEL COMP. FULL-TIME PERMANENT,1066,31888.31,31888.31,ok,segment
INTERN COMPENSATION - DAINES,2025,SENATORS’ OFFICIAL PERSONNEL AND OFFICE EXPENSE ACCOUNT,1066,NET PAYROLL EXPENSES,1066,31888.31,31888.31,ok,block_running_total
SENATOR TAMMY DUCKWORTH,2024,SENATORS’ OFFICIAL PERSONNEL AND OFFICE EXPENSE ACCOUNT,1069,TRAVEL AND TRANSPORTATION OF PERSONS,1069,5.8,5.8,ok,segment
SENATOR TAMMY DUCKWORTH,2025,SENATORS’ OFFICIAL PERSONNEL AND OFFICE EXPENSE ACCOUNT,1071,PERSONNEL COMP. FULL-TIME PERMANENT,1073,2489844.77,2489844.77,ok,segment
SENATOR TAMMY DUCKWORTH,2025,SENATORS’ OFFICIAL PERSONNEL AND OFFICE EXPENSE ACCOUNT,1071,RE-EMPLOYED ANNUITANTS,1073,4932.0,0.0,no_records,segment
SENATOR TAMMY DUCKWORTH,2025,SENATORS’ OFFICIAL PERSONNEL AND OFFICE EXPENSE ACCOUNT,1071,PERSONNEL BENEFITS,1073,7442.4,0.0,no_records,segment
SENATOR TAMMY DUCKWORTH,2025,SENATORS’ OFFICIAL PERSONNEL AND OFFICE EXPENSE ACCOUNT,1071,NET PAYROLL EXPENSES,1073,2502219.17,2489844.77,fail,block_running_total
SENATOR TAMMY DUCKWORTH,2025,SENATORS’ OFFICIAL PERSONNEL AND OFFICE EXPENSE ACCOUNT,1071,TRAVEL AND TRANSPORTATION OF PERSONS,1090,125822.81,125822.81,ok,segment
SENATOR TAMMY DUCKWORTH,2025,SENATORS’ OFFICIAL PERSONNEL AND OFFICE EXPENSE ACCOUNT,1071,OTHER CONTRACTUAL SERVICES,1090,242.0,242.0,ok,segment
INTERN COMPENSATION - DUCKWORTH,2025,SENATORS’ OFFICIAL PERSONNEL AND OFFICE EXPENSE ACCOUNT,1091,PERSONNEL COMP. FULL-TIME PERMANENT,1091,16947.86,16947.86,ok,segment
INTERN COMPENSATION - DUCKWORTH,2025,SENATORS’ OFFICIAL PERSONNEL AND OFFICE EXPENSE ACCOUNT,1091,NET PAYROLL EXPENSES,1091,16947.86,16947.86,ok,block_running_total
SENATOR RICHARD J. DURBIN,2023,SENATORS’ OFFICIAL PERSONNEL AND OFFICE EXPENSE ACCOUNT,1092,TRAVEL AND TRANSPORTATION OF PERSONS,1092,265.49,265.49,ok,segment
,,,1094,TRAVEL AND TRANSPORTATION OF PERSONS,1094,137.07,137.07,ok,segment
SENATOR RICHARD J. DURBIN,2025,SENATORS’ OFFICIAL PERSONNEL AND OFFICE EXPENSE ACCOUNT,1096,PERSONNEL COMP. FULL-TIME PERMANENT,1098,2679048.22,2679048.22,ok,segment
SENATOR RICHARD J. DURBIN,2025,SENATORS’ OFFICIAL PERSONNEL AND OFFICE EXPENSE ACCOUNT,1096,PERSONNEL BENEFITS,1098,8620.1,0.0,no_records,segment
SENATOR RICHARD J. DURBIN,2025,SENATORS’ OFFICIAL PERSONNEL AND OFFICE EXPENSE ACCOUNT,1096,NET PAYROLL EXPENSES,1098,2687668.32,2679048.22,fail,block_running_total
SENATOR RICHARD J. DURBIN,2025,SENATORS’ OFFICIAL PERSONNEL AND OFFICE EXPENSE ACCOUNT,1096,TRAVEL AND TRANSPORTATION OF PERSONS,1105,52920.12,52920.12,ok,segment
SENATOR RICHARD J. DURBIN,2025,SENATORS’ OFFICIAL PERSONNEL AND OFFICE EXPENSE ACCOUNT,1096,OTHER CONTRACTUAL SERVICES,1105,1672.2,1672.2,ok,segment
SENATOR RICHARD J. DURBIN,2025,SENATORS’ OFFICIAL PERSONNEL AND OFFICE EXPENSE ACCOUNT,1096,ACQUISITION OF ASSETS,1106,420.53,420.53,ok,segment
INTERN COMPENSATION - DURBIN,2025,SENATORS’ OFFICIAL PERSONNEL AND OFFICE EXPENSE ACCOUNT,1107,PERSONNEL COMP. FULL-TIME PERMANENT,1107,37416.67,37416.67,ok,segment
INTERN COMPENSATION - DURBIN,2025,SENATORS’ OFFICIAL PERSONNEL AND OFFICE EXPENSE ACCOUNT,1107,NET PAYROLL EXPENSES,1107,37416.67,37416.67,ok,block_running_total
SENATOR JONI ERNST,2023,SENATORS’ OFFICIAL PERSONNEL AND OFFICE EXPENSE ACCOUNT,1108,TRAVEL AND TRANSPORTATION OF PERSONS,1108,280.9,280.9,ok,segment
SENATOR JONI ERNST,2025,SENATORS’ OFFICIAL PERSONNEL AND OFFICE EXPENSE ACCOUNT,1112,PERSONNEL COMP. FULL-TIME PERMANENT,1113,2054083.63,2054083.63,ok,segment
SENATOR JONI ERNST,2025,SENATORS’ OFFICIAL PERSONNEL AND OFFICE EXPENSE ACCOUNT,1112,PERSONNEL BENEFITS,1113,1150.88,0.0,no_records,segment
SENATOR JONI ERNST,2025,SENATORS’ OFFICIAL PERSONNEL AND OFFICE EXPENSE ACCOUNT,1112,NET PAYROLL EXPENSES,1113,2055234.51,2054083.63,fail,block_running_total
SENATOR JONI ERNST,2025,SENATORS’ OFFICIAL PERSONNEL AND OFFICE EXPENSE ACCOUNT,1112,TRAVEL AND TRANSPORTATION OF PERSONS,1134,84900.62,84900.62,ok,segment
SENATOR JONI ERNST,2025,SENATORS’ OFFICIAL PERSONNEL AND OFFICE EXPENSE ACCOUNT,1112,OTHER CONTRACTUAL SERVICES,1134,32283.25,32283.25,ok,segment
INTERN COMPENSATION - ERNST,2025,SENATORS’ OFFICIAL PERSONNEL AND OFFICE EXPENSE ACCOUNT,1135,PERSONNEL COMP. FULL-TIME PERMANENT,1135,23999.85,23999.85,ok,segment
INTERN COMPENSATION - ERNST,2025,SENATORS’ OFFICIAL PERSONNEL AND OFFICE EXPENSE ACCOUNT,1135,NET PAYROLL EXPENSES,1135,23999.85,23999.85,ok,block_running_total
SENATOR JOHN FETTERMAN,2025,SENATORS’ OFFICIAL PERSONNEL AND OFFICE EXPENSE ACCOUNT,1142,PERSONNEL COMP. FULL-TIME PERMANENT,1143,2809547.66,2809547.66,ok,segment
SENATOR JOHN FETTERMAN,2025,SENATORS’ OFFICIAL PERSONNEL AND OFFICE EXPENSE ACCOUNT,1142,PERSONNEL BENEFITS,1143,6501.16,0.0,no_records,segment
SENATOR JOHN FETTERMAN,2025,SENATORS’ OFFICIAL PERSONNEL AND OFFICE EXPENSE ACCOUNT,1142,NET PAYROLL EXPENSES,1143,2816048.82,2809547.66,fail,block_running_total
SENATOR JOHN FETTERMAN,2025,SENATORS’ OFFICIAL PERSONNEL AND OFFICE EXPENSE ACCOUNT,1142,TRAVEL AND TRANSPORTATION OF PERSONS,1156,57854.68,57854.68,ok,segment
SENATOR JOHN FETTERMAN,2025,SENATORS’ OFFICIAL PERSONNEL AND OFFICE EXPENSE ACCOUNT,1142,OTHER CONTRACTUAL SERVICES,1157,602.5,602.5,ok,segment
SENATOR JOHN FETTERMAN,2025,SENATORS’ OFFICIAL PERSONNEL AND OFFICE EXPENSE ACCOUNT,1142,ACQUISITION OF ASSETS,1157,167.76,167.76,ok,segment
INTERN COMPENSATION - FETTERMAN,2025,SENATORS’ OFFICIAL PERSONNEL AND OFFICE EXPENSE ACCOUNT,1158,PERSONNEL COMP. FULL-TIME PERMANENT,1158,55024.95,55024.95,ok,segment
INTERN COMPENSATION - FETTERMAN,2025,SENATORS’ OFFICIAL PERSONNEL AND OFFICE EXPENSE ACCOUNT,1158,NET PAYROLL EXPENSES,1158,55024.95,55024.95,ok,block_running_total
SENATOR DEB FISCHER,2025,SENATORS’ OFFICIAL PERSONNEL AND OFFICE EXPENSE ACCOUNT,1163,PERSONNEL COMP. FULL-TIME PERMANENT,1164,1769007.46,1769007.46,ok,segment
SENATOR DEB FISCHER,2025,SENATORS’ OFFICIAL PERSONNEL AND OFFICE EXPENSE ACCOUNT,1163,PERSONNEL BENEFITS,1164,1992.7,0.0,no_records,segment
SENATOR DEB FISCHER,2025,SENATORS’ OFFICIAL PERSONNEL AND OFFICE EXPENSE ACCOUNT,1163,NET PAYROLL EXPENSES,1164,1771000.16,1769007.46,fail,block_running_total
SENATOR DEB FISCHER,2025,SENATORS’ OFFICIAL PERSONNEL AND OFFICE EXPENSE ACCOUNT,1163,TRAVEL AND TRANSPORTATION OF PERSONS,1172,45513.64,45513.64,ok,segment
SENATOR DEB FISCHER,2025,SENATORS’ OFFICIAL PERSONNEL AND OFFICE EXPENSE ACCOUNT,1163,OTHER CONTRACTUAL SERVICES,1172,712.5,712.5,ok,segment
SENATOR DEB FISCHER,2025,SENATORS’ OFFICIAL PERSONNEL AND OFFICE EXPENSE ACCOUNT,1163,ACQUISITION OF ASSETS,1172,13314.44,13314.44,ok,segment
INTERN COMPENSATION - FISCHER,2025,SENATORS’ OFFICIAL PERSONNEL AND OFFICE EXPENSE ACCOUNT,1173,PERSONNEL COMP. FULL-TIME PERMANENT,1173,37012.4,37012.4,ok,segment
INTERN COMPENSATION - FISCHER,2025,SENATORS’ OFFICIAL PERSONNEL AND OFFICE EXPENSE ACCOUNT,1173,NET PAYROLL EXPENSES,1173,37012.4,37012.4,ok,block_running_total
SENATOR RUBEN GALLEGO,2025,SENATORS’ OFFICIAL PERSONNEL AND OFFICE EXPENSE ACCOUNT,1174,PERSONNEL COMP. FULL-TIME PERMANENT,1175,2076614.61,2076614.61,ok,segment
SENATOR RUBEN GALLEGO,2025,SENATORS’ OFFICIAL PERSONNEL AND OFFICE EXPENSE ACCOUNT,1174,PERSONNEL BENEFITS,1175,6199.75,0.0,no_records,segment
SENATOR RUBEN GALLEGO,2025,SENATORS’ OFFICIAL PERSONNEL AND OFFICE EXPENSE ACCOUNT,1174,NET PAYROLL EXPENSES,1175,2082814.36,2076614.61,fail,block_running_total
SENATOR RUBEN GALLEGO,2025,SENATORS’ OFFICIAL PERSONNEL AND OFFICE EXPENSE ACCOUNT,1174,TRAVEL AND TRANSPORTATION OF PERSONS,1186,87230.44,87230.44,ok,segment
SENATOR RUBEN GALLEGO,2025,SENATORS’ OFFICIAL PERSONNEL AND OFFICE EXPENSE ACCOUNT,1174,OTHER CONTRACTUAL SERVICES,1186,3064.18,3064.18,ok,segment
SENATOR RUBEN GALLEGO,2025,SENATORS’ OFFICIAL PERSONNEL AND OFFICE EXPENSE ACCOUNT,1174,ACQUISITION OF ASSETS,1186,26683.93,26683.93,ok,segment
INTERN COMPENSATION - GALLEGO,2025,SENATORS’ OFFICIAL PERSONNEL AND OFFICE EXPENSE ACCOUNT,1187,PERSONNEL COMP. FULL-TIME PERMANENT,1187,52400.87,52400.87,ok,segment
INTERN COMPENSATION - GALLEGO,2025,SENATORS’ OFFICIAL PERSONNEL AND OFFICE EXPENSE ACCOUNT,1187,NET PAYROLL EXPENSES,1188,52400.87,52400.87,ok,block_running_total
SENATOR KIRSTEN GILLIBRAND,2024,SENATORS’ OFFICIAL PERSONNEL AND OFFICE EXPENSE ACCOUNT,1191,TRAVEL AND TRANSPORTATION OF PERSONS,1191,5528.42,5528.42,ok,segment
SENATOR KIRSTEN GILLIBRAND,2024,SENATORS’ OFFICIAL PERSONNEL AND OFFICE EXPENSE ACCOUNT,1191,OTHER CONTRACTUAL SERVICES,1192,784.0,784.0,ok,segment
SENATOR KIRSTEN GILLIBRAND,2024,SENATORS’ OFFICIAL PERSONNEL AND OFFICE EXPENSE ACCOUNT,1191,ACQUISITION OF ASSETS,1192,5820.4,5820.4,ok,segment
SENATOR KIRSTEN GILLIBRAND,2025,SENATORS’ OFFICIAL PERSONNEL AND OFFICE EXPENSE ACCOUNT,1194,PERSONNEL COMP. FULL-TIME PERMANENT,1196,2717928.74,2717928.74,ok,segment
SENATOR KIRSTEN GILLIBRAND,2025,SENATORS’ OFFICIAL PERSONNEL AND OFFICE EXPENSE ACCOUNT,1194,PERSONNEL BENEFITS,1196,20007.17,0.0,no_records,segment
SENATOR KIRSTEN GILLIBRAND,2025,SENATORS’ OFFICIAL PERSONNEL AND OFFICE EXPENSE ACCOUNT,1194,NET PAYROLL EXPENSES,1196,2737935.91,2717928.74,fail,block_running_total
SENATOR KIRSTEN GILLIBRAND,2025,SENATORS’ OFFICIAL PERSONNEL AND OFFICE EXPENSE ACCOUNT,1194,TRAVEL AND TRANSPORTATION OF PERSONS,1226,219874.36,219874.36,ok,segment
SENATOR KIRSTEN GILLIBRAND,2025,SENATORS’ OFFICIAL PERSONNEL AND OFFICE EXPENSE ACCOUNT,1194,OTHER CONTRACTUAL SERVICES,1226,20.0,20.0,ok,segment
SENATOR KIRSTEN GILLIBRAND,2025,SENATORS’ OFFICIAL PERSONNEL AND OFFICE EXPENSE ACCOUNT,1194,ACQUISITION OF ASSETS,1226,24319.88,24319.88,ok,segment
INTERN COMPENSATION - GILLIBRAND,2025,SENATORS’ OFFICIAL PERSONNEL AND OFFICE EXPENSE ACCOUNT,1227,PERSONNEL COMP. FULL-TIME PERMANENT,1228,37399.95,37399.95,ok,segment
INTERN COMPENSATION - GILLIBRAND,2025,SENATORS’ OFFICIAL PERSONNEL AND OFFICE EXPENSE ACCOUNT,1227,NET PAYROLL EXPENSES,1228,37399.95,37399.95,ok,block_running_total
SENATOR LINDSEY GRAHAM,2025,SENATORS’ OFFICIAL PERSONNEL AND OFFICE EXPENSE ACCOUNT,1233,PERSONNEL COMP. FULL-TIME PERMANENT,1234,1906956.36,1906956.36,ok,segment
SENATOR LINDSEY GRAHAM,2025,SENATORS’ OFFICIAL PERSONNEL AND OFFICE EXPENSE ACCOUNT,1233,NET PAYROLL EXPENSES,1234,1906956.36,1906956.36,ok,block_running_total
SENATOR LINDSEY GRAHAM,2025,SENATORS’ OFFICIAL PERSONNEL AND OFFICE EXPENSE ACCOUNT,1233,TRAVEL AND TRANSPORTATION OF PERSONS,1240,37551.66,37551.66,ok,segment
SENATOR LINDSEY GRAHAM,2025,SENATORS’ OFFICIAL PERSONNEL AND OFFICE EXPENSE ACCOUNT,1233,OTHER CONTRACTUAL SERVICES,1240,515.5,515.5,ok,segment
SENATOR LINDSEY GRAHAM,2025,SENATORS’ OFFICIAL PERSONNEL AND OFFICE EXPENSE ACCOUNT,1233,ACQUISITION OF ASSETS,1240,45.76,45.76,ok,segment
INTERN COMPENSATION - GRAHAM,2025,SENATORS’ OFFICIAL PERSONNEL AND OFFICE EXPENSE ACCOUNT,1241,PERSONNEL COMP. FULL-TIME PERMANENT,1241,21722.01,21722.01,ok,segment
INTERN COMPENSATION - GRAHAM,2025,SENATORS’ OFFICIAL PERSONNEL AND OFFICE EXPENSE ACCOUNT,1241,NET PAYROLL EXPENSES,1241,21722.01,21722.01,ok,block_running_total
SENATOR CHARLES E. GRASSLEY,2025,SENATORS’ OFFICIAL PERSONNEL AND OFFICE EXPENSE ACCOUNT,1246,PERSONNEL COMP. FULL-TIME PERMANENT,1247,1124811.46,1124811.46,ok,segment
SENATOR CHARLES E. GRASSLEY,2025,SENATORS’ OFFICIAL PERSONNEL AND OFFICE EXPENSE ACCOUNT,1246,PERSONNEL BENEFITS,1247,4661.64,0.0,no_records,segment
SENATOR CHARLES E. GRASSLEY,2025,SENATORS’ OFFICIAL PERSONNEL AND OFFICE EXPENSE ACCOUNT,1246,NET PAYROLL EXPENSES,1247,1129473.1,1124811.46,fail,block_running_total
SENATOR CHARLES E. GRASSLEY,2025,SENATORS’ OFFICIAL PERSONNEL AND OFFICE EXPENSE ACCOUNT,1246,TRAVEL AND TRANSPORTATION OF PERSONS,1264,51489.78,51489.78,ok,segment
SENATOR CHARLES E. GRASSLEY,2025,SENATORS’ OFFICIAL PERSONNEL AND OFFICE EXPENSE ACCOUNT,1246,OTHER CONTRACTUAL SERVICES,1264,9461.92,9461.92,ok,segment
SENATOR CHARLES E. GRASSLEY,2025,SENATORS’ OFFICIAL PERSONNEL AND OFFICE EXPENSE ACCOUNT,1246,ACQUISITION OF ASSETS,1264,132.72,132.72,ok,segment
INTERN COMPENSATION - GRASSLEY,2025,SENATORS’ OFFICIAL PERSONNEL AND OFFICE EXPENSE ACCOUNT,1265,PERSONNEL COMP. FULL-TIME PERMANENT,1265,37541.53,37541.53,ok,segment
INTERN COMPENSATION - GRASSLEY,2025,SENATORS’ OFFICIAL PERSONNEL AND OFFICE EXPENSE ACCOUNT,1265,NET PAYROLL EXPENSES,1265,37541.53,37541.53,ok,block_running_total
SENATOR BILL HAGERTY,2024,SENATORS’ OFFICIAL PERSONNEL AND OFFICE EXPENSE ACCOUNT,1268,OTHER CONTRACTUAL SERVICES,1268,5848.75,5848.75,ok,segment
SENATOR BILL HAGERTY,2024,SENATORS’ OFFICIAL PERSONNEL AND OFFICE EXPENSE ACCOUNT,1268,ACQUISITION OF ASSETS,1268,5818.04,5818.04,ok,segment
SENATOR BILL HAGERTY,2025,SENATORS’ OFFICIAL PERSONNEL AND OFFICE EXPENSE ACCOUNT,1270,PERSONNEL COMP. FULL-TIME PERMANENT,1271,2293232.45,2293798.27,fail,segment
SENATOR BILL HAGERTY,2025,SENATORS’ OFFICIAL PERSONNEL AND OFFICE EXPENSE ACCOUNT,1270,PERSONNEL BENEFITS,1271,1529.02,0.0,no_records,segment
SENATOR BILL HAGERTY,2025,SENATORS’ OFFICIAL PERSONNEL AND OFFICE EXPENSE ACCOUNT,1270,NET PAYROLL EXPENSES,1271,2294761.47,2293798.27,fail,block_running_total
SENATOR BILL HAGERTY,2025,SENATORS’ OFFICIAL PERSONNEL AND OFFICE EXPENSE ACCOUNT,1270,TRAVEL AND TRANSPORTATION OF PERSONS,1288,106910.32,106910.32,ok,segment
SENATOR BILL HAGERTY,2025,SENATORS’ OFFICIAL PERSONNEL AND OFFICE EXPENSE ACCOUNT,1270,OTHER CONTRACTUAL SERVICES,1288,12190.28,12190.28,ok,segment
INTERN COMPENSATION - HAGERTY,2025,SENATORS’ OFFICIAL PERSONNEL AND OFFICE EXPENSE ACCOUNT,1289,PERSONNEL COMP. FULL-TIME PERMANENT,1289,49977.49,49977.49,ok,segment
INTERN COMPENSATION - HAGERTY,2025,SENATORS’ OFFICIAL PERSONNEL AND OFFICE EXPENSE ACCOUNT,1289,NET PAYROLL EXPENSES,1289,49977.49,49977.49,ok,block_running_total
SENATOR MAGGIE HASSAN,2025,SENATORS’ OFFICIAL PERSONNEL AND OFFICE EXPENSE ACCOUNT,1294,PERSONNEL COMP. FULL-TIME PERMANENT,1295,2242815.0,2242815.0,ok,segment
SENATOR MAGGIE HASSAN,2025,SENATORS’ OFFICIAL PERSONNEL AND OFFICE EXPENSE ACCOUNT,1294,PERSONNEL BENEFITS,1295,4674.15,0.0,no_records,segment
SENATOR MAGGIE HASSAN,2025,SENATORS’ OFFICIAL PERSONNEL AND OFFICE EXPENSE ACCOUNT,1294,NET PAYROLL EXPENSES,1295,2247489.15,2242815.0,fail,block_running_total
SENATOR MAGGIE HASSAN,2025,SENATORS’ OFFICIAL PERSONNEL AND OFFICE EXPENSE ACCOUNT,1294,TRAVEL AND TRANSPORTATION OF PERSONS,1307,47358.4,47358.4,ok,segment
INTERN COMPENSATION - HASSAN,2025,SENATORS’ OFFICIAL PERSONNEL AND OFFICE EXPENSE ACCOUNT,1308,PERSONNEL COMP. FULL-TIME PERMANENT,1308,43220.55,43220.55,ok,segment
INTERN COMPENSATION - HASSAN,2025,SENATORS’ OFFICIAL PERSONNEL AND OFFICE EXPENSE ACCOUNT,1308,NET PAYROLL EXPENSES,1308,43220.55,43220.55,ok,block_running_total
SENATOR JOSH HAWLEY,2025,SENATORS’ OFFICIAL PERSONNEL AND OFFICE EXPENSE ACCOUNT,1313,PERSONNEL COMP. FULL-TIME PERMANENT,1315,1796498.74,1796498.74,ok,segment
SENATOR JOSH HAWLEY,2025,SENATORS’ OFFICIAL PERSONNEL AND OFFICE EXPENSE ACCOUNT,1313,RE-EMPLOYED ANNUITANTS,1315,9114.0,0.0,no_records,segment
SENATOR JOSH HAWLEY,2025,SENATORS’ OFFICIAL PERSONNEL AND OFFICE EXPENSE ACCOUNT,1313,PERSONNEL BENEFITS,1315,940.0,0.0,no_records,segment
SENATOR JOSH HAWLEY,2025,SENATORS’ OFFICIAL PERSONNEL AND OFFICE EXPENSE ACCOUNT,1313,NET PAYROLL EXPENSES,1315,1806552.74,1796498.74,fail,block_running_total
SENATOR JOSH HAWLEY,2025,SENATORS’ OFFICIAL PERSONNEL AND OFFICE EXPENSE ACCOUNT,1313,TRAVEL AND TRANSPORTATION OF PERSONS,1339,79868.6,79867.83,warn,segment
SENATOR JOSH HAWLEY,2025,SENATORS’ OFFICIAL PERSONNEL AND OFFICE EXPENSE ACCOUNT,1313,OTHER CONTRACTUAL SERVICES,1339,1716.0,1716.0,ok,segment
SENATOR JOSH HAWLEY,2025,SENATORS’ OFFICIAL PERSONNEL AND OFFICE EXPENSE ACCOUNT,1313,ACQUISITION OF ASSETS,1340,5428.86,5428.86,ok,segment
INTERN COMPENSATION - HAWLEY,2025,SENATORS’ OFFICIAL PERSONNEL AND OFFICE EXPENSE ACCOUNT,1341,PERSONNEL COMP. FULL-TIME PERMANENT,1341,25449.81,25449.81,ok,segment
INTERN COMPENSATION - HAWLEY,2025,SENATORS’ OFFICIAL PERSONNEL AND OFFICE EXPENSE ACCOUNT,1341,NET PAYROLL EXPENSES,1341,25449.81,25449.81,ok,block_running_total
SENATOR MARTIN HEINRICH,2024,SENATORS’ OFFICIAL PERSONNEL AND OFFICE EXPENSE ACCOUNT,1344,PERSONNEL BENEFITS,1344,466.15,0.0,no_records,segment
SENATOR MARTIN HEINRICH,2024,SENATORS’ OFFICIAL PERSONNEL AND OFFICE EXPENSE ACCOUNT,1344,NET PAYROLL EXPENSES,1344,466.15,0.0,no_records,block_running_total
SENATOR MARTIN HEINRICH,2025,SENATORS’ OFFICIAL PERSONNEL AND OFFICE EXPENSE ACCOUNT,1346,PERSONNEL COMP. FULL-TIME PERMANENT,1347,2258919.2,2258919.2,ok,segment
SENATOR MARTIN HEINRICH,2025,SENATORS’ OFFICIAL PERSONNEL AND OFFICE EXPENSE ACCOUNT,1346,PERSONNEL BENEFITS,1347,1872.25,0.0,no_records,segment
SENATOR MARTIN HEINRICH,2025,SENATORS’ OFFICIAL PERSONNEL AND OFFICE EXPENSE ACCOUNT,1346,NET PAYROLL EXPENSES,1347,2260791.45,2258919.2,fail,block_running_total
SENATOR MARTIN HEINRICH,2025,SENATORS’ OFFICIAL PERSONNEL AND OFFICE EXPENSE ACCOUNT,1346,TRAVEL AND TRANSPORTATION OF PERSONS,1363,94641.47,94641.47,ok,segment
SENATOR MARTIN HEINRICH,2025,SENATORS’ OFFICIAL PERSONNEL AND OFFICE EXPENSE ACCOUNT,1346,OTHER CONTRACTUAL SERVICES,1363,3150.0,3150.0,ok,segment
SENATOR MARTIN HEINRICH,2025,SENATORS’ OFFICIAL PERSONNEL AND OFFICE EXPENSE ACCOUNT,1346,ACQUISITION OF ASSETS,1364,51201.43,51201.43,ok,segment
INTERN COMPENSATION - HEINRICH,2025,SENATORS’ OFFICIAL PERSONNEL AND OFFICE EXPENSE ACCOUNT,1365,PERSONNEL COMP. FULL-TIME PERMANENT,1365,42685.85,42685.85,ok,segment
INTERN COMPENSATION - HEINRICH,2025,SENATORS’ OFFICIAL PERSONNEL AND OFFICE EXPENSE ACCOUNT,1365,NET PAYROLL EXPENSES,1365,42685.85,42685.85,ok,block_running_total
SENATOR JOHN HICKENLOOPER,2025,SENATORS’ OFFICIAL PERSONNEL AND OFFICE EXPENSE ACCOUNT,1374,PERSONNEL COMP. FULL-TIME PERMANENT,1375,2054464.57,2054464.57,ok,segment
SENATOR JOHN HICKENLOOPER,2025,SENATORS’ OFFICIAL PERSONNEL AND OFFICE EXPENSE ACCOUNT,1374,PERSONNEL BENEFITS,1375,517.42,0.0,no_records,segment
SENATOR JOHN HICKENLOOPER,2025,SENATORS’ OFFICIAL PERSONNEL AND OFFICE EXPENSE ACCOUNT,1374,NET PAYROLL EXPENSES,1375,2054981.99,2054464.57,fail,block_running_total
SENATOR JOHN HICKENLOOPER,2025,SENATORS’ OFFICIAL PERSONNEL AND OFFICE EXPENSE ACCOUNT,1374,TRAVEL AND TRANSPORTATION OF PERSONS,1382,42535.5,42535.5,ok,segment
SENATOR JOHN HICKENLOOPER,2025,SENATORS’ OFFICIAL PERSONNEL AND OFFICE EXPENSE ACCOUNT,1374,OTHER CONTRACTUAL SERVICES,1382,1049.16,1049.16,ok,segment
SENATOR JOHN HICKENLOOPER,2025,SENATORS’ OFFICIAL PERSONNEL AND OFFICE EXPENSE ACCOUNT,1374,ACQUISITION OF ASSETS,1382,17.9,17.9,ok,segment
INTERN COMPENSATION - HICKENLOOPER,2025,SENATORS’ OFFICIAL PERSONNEL AND OFFICE EXPENSE ACCOUNT,1383,PERSONNEL COMP. FULL-TIME PERMANENT,1383,25013.45,25013.45,ok,segment
INTERN COMPENSATION - HICKENLOOPER,2025,SENATORS’ OFFICIAL PERSONNEL AND OFFICE EXPENSE ACCOUNT,1383,NET PAYROLL EXPENSES,1383,25013.45,25013.45,ok,block_running_total
SENATOR MAZIE HIRONO,2023,SENATORS’ OFFICIAL PERSONNEL AND OFFICE EXPENSE ACCOUNT,1384,TRAVEL AND TRANSPORTATION OF PERSONS,1384,293.81,293.81,ok,segment
SENATOR MAZIE HIRONO,2024,SENATORS’ OFFICIAL PERSONNEL AND OFFICE EXPENSE ACCOUNT,1386,OTHER CONTRACTUAL SERVICES,1386,7047.0,7047.0,ok,segment
SENATOR MAZIE HIRONO,2025,SENATORS’ OFFICIAL PERSONNEL AND OFFICE EXPENSE ACCOUNT,1388,PERSONNEL COMP. FULL-TIME PERMANENT,1389,2114332.6,2118165.94,fail,segment
SENATOR MAZIE HIRONO,2025,SENATORS’ OFFICIAL PERSONNEL AND OFFICE EXPENSE ACCOUNT,1388,PERSONNEL BENEFITS,1389,6898.43,0.0,no_records,segment
SENATOR MAZIE HIRONO,2025,SENATORS’ OFFICIAL PERSONNEL AND OFFICE EXPENSE ACCOUNT,1388,NET PAYROLL EXPENSES,1389,2121231.03,2118165.94,fail,block_running_total
SENATOR MAZIE HIRONO,2025,SENATORS’ OFFICIAL PERSONNEL AND OFFICE EXPENSE ACCOUNT,1388,TRAVEL AND TRANSPORTATION OF PERSONS,1393,117984.93,117984.93,ok,segment
SENATOR MAZIE HIRONO,2025,SENATORS’ OFFICIAL PERSONNEL AND OFFICE EXPENSE ACCOUNT,1388,OTHER CONTRACTUAL SERVICES,1394,10934.39,10934.39,ok,segment
SENATOR MAZIE HIRONO,2025,SENATORS’ OFFICIAL PERSONNEL AND OFFICE EXPENSE ACCOUNT,1388,ACQUISITION OF ASSETS,1394,5016.96,5016.96,ok,segment
INTERN COMPENSATION - HIRONO,2025,SENATORS’ OFFICIAL PERSONNEL AND OFFICE EXPENSE ACCOUNT,1395,PERSONNEL COMP. FULL-TIME PERMANENT,1395,32207.96,32207.96,ok,segment
INTERN COMPENSATION - HIRONO,2025,SENATORS’ OFFICIAL PERSONNEL AND OFFICE EXPENSE ACCOUNT,1395,NET PAYROLL EXPENSES,1395,32207.96,32207.96,ok,block_running_total
SENATOR JOHN HOEVEN,2024,SENATORS’ OFFICIAL PERSONNEL AND OFFICE EXPENSE ACCOUNT,1398,PERSONNEL BENEFITS,1398,348.1,0.0,no_records,segment
SENATOR JOHN HOEVEN,2024,SENATORS’ OFFICIAL PERSONNEL AND OFFICE EXPENSE ACCOUNT,1398,NET PAYROLL EXPENSES,1398,348.1,0.0,no_records,block_running_total
SENATOR JOHN HOEVEN,2024,SENATORS’ OFFICIAL PERSONNEL AND OFFICE EXPENSE ACCOUNT,1398,ACQUISITION OF ASSETS,1398,5048.88,5048.88,ok,segment
SENATOR JOHN HOEVEN,2025,SENATORS’ OFFICIAL PERSONNEL AND OFFICE EXPENSE ACCOUNT,1400,PERSONNEL COMP. FULL-TIME PERMANENT,1401,1776194.33,1776194.33,ok,segment
SENATOR JOHN HOEVEN,2025,SENATORS’ OFFICIAL PERSONNEL AND OFFICE EXPENSE ACCOUNT,1400,PERSONNEL BENEFITS,1401,6305.75,0.0,no_records,segment
SENATOR JOHN HOEVEN,2025,SENATORS’ OFFICIAL PERSONNEL AND OFFICE EXPENSE ACCOUNT,1400,NET PAYROLL EXPENSES,1401,1782500.08,1776194.33,fail,block_running_total
SENATOR JOHN HOEVEN,2025,SENATORS’ OFFICIAL PERSONNEL AND OFFICE EXPENSE ACCOUNT,1400,TRAVEL AND TRANSPORTATION OF PERSONS,1406,52323.1,52323.1,ok,segment
SENATOR JOHN HOEVEN,2025,SENATORS’ OFFICIAL PERSONNEL AND OFFICE EXPENSE ACCOUNT,1400,OTHER CONTRACTUAL SERVICES,1406,3080.63,3080.63,ok,segment
SENATOR JOHN HOEVEN,2025,SENATORS’ OFFICIAL PERSONNEL AND OFFICE EXPENSE ACCOUNT,1400,ACQUISITION OF ASSETS,1406,141.0,141.0,ok,segment
INTERN COMPENSATION - HOEVEN,2025,SENATORS’ OFFICIAL PERSONNEL AND OFFICE EXPENSE ACCOUNT,1407,PERSONNEL COMP. FULL-TIME PERMANENT,1407,15218.47,15218.47,ok,segment
INTERN COMPENSATION - HOEVEN,2025,SENATORS’ OFFICIAL PERSONNEL AND OFFICE EXPENSE ACCOUNT,1407,NET PAYROLL EXPENSES,1407,15218.47,15218.47,ok,block_running_total
SENATOR JON HUSTED,2025,SENATORS’ OFFICIAL PERSONNEL AND OFFICE EXPENSE ACCOUNT,1408,PERSONNEL COMP. FULL-TIME PERMANENT,1409,1842703.82,1842703.82,ok,segment
SENATOR JON HUSTED,2025,SENATORS’ OFFICIAL PERSONNEL AND OFFICE EXPENSE ACCOUNT,1408,PERSONNEL BENEFITS,1409,861.65,0.0,no_records,segment
SENATOR JON HUSTED,2025,SENATORS’ OFFICIAL PERSONNEL AND OFFICE EXPENSE ACCOUNT,1408,NET PAYROLL EXPENSES,1409,1843565.47,1842703.82,fail,block_running_total
SENATOR JON HUSTED,2025,SENATORS’ OFFICIAL PERSONNEL AND OFFICE EXPENSE ACCOUNT,1408,TRAVEL AND TRANSPORTATION OF PERSONS,1427,92295.59,92295.59,ok,segment
SENATOR JON HUSTED,2025,SENATORS’ OFFICIAL PERSONNEL AND OFFICE EXPENSE ACCOUNT,1408,OTHER CONTRACTUAL SERVICES,1428,63193.31,63193.31,ok,segment
SENATOR JON HUSTED,2025,SENATORS’ OFFICIAL PERSONNEL AND OFFICE EXPENSE ACCOUNT,1408,ACQUISITION OF ASSETS,1428,17700.11,17700.11,ok,segment
INTERN COMPENSATION - HUSTED,2025,SENATORS’ OFFICIAL PERSONNEL AND OFFICE EXPENSE ACCOUNT,1429,PERSONNEL COMP. FULL-TIME PERMANENT,1429,55488.88,55488.88,ok,segment
INTERN COMPENSATION - HUSTED,2025,SENATORS’ OFFICIAL PERSONNEL AND OFFICE EXPENSE ACCOUNT,1429,NET PAYROLL EXPENSES,1429,55488.88,55488.88,ok,block_running_total
SENATOR CINDY HYDE-SMITH,2023,SENATORS’ OFFICIAL PERSONNEL AND OFFICE EXPENSE ACCOUNT,1430,TRAVEL AND TRANSPORTATION OF PERSONS,1430,27.5,27.5,ok,segment
SENATOR CINDY HYDE-SMITH,2025,SENATORS’ OFFICIAL PERSONNEL AND OFFICE EXPENSE ACCOUNT,1434,PERSONNEL COMP. FULL-TIME PERMANENT,1435,1855290.71,1855290.71,ok,segment
SENATOR CINDY HYDE-SMITH,2025,SENATORS’ OFFICIAL PERSONNEL AND OFFICE EXPENSE ACCOUNT,1434,RE-EMPLOYED ANNUITANTS,1435,6654.0,0.0,no_records,segment
SENATOR CINDY HYDE-SMITH,2025,SENATORS’ OFFICIAL PERSONNEL AND OFFICE EXPENSE ACCOUNT,1434,PERSONNEL BENEFITS,1435,909.49,0.0,no_records,segment
SENATOR CINDY HYDE-SMITH,2025,SENATORS’ OFFICIAL PERSONNEL AND OFFICE EXPENSE ACCOUNT,1434,NET PAYROLL EXPENSES,1435,1862854.2,1855290.71,fail,block_running_total
SENATOR CINDY HYDE-SMITH,2025,SENATORS’ OFFICIAL PERSONNEL AND OFFICE EXPENSE ACCOUNT,1434,TRAVEL AND TRANSPORTATION OF PERSONS,1452,83252.23,83252.23,ok,segment
SENATOR CINDY HYDE-SMITH,2025,SENATORS’ OFFICIAL PERSONNEL AND OFFICE EXPENSE ACCOUNT,1434,OTHER CONTRACTUAL SERVICES,1453,3652.6,3652.6,ok,segment
INTERN COMPENSATION - HYDE-SMITH,2025,SENATORS’ OFFICIAL PERSONNEL AND OFFICE EXPENSE ACCOUNT,1454,PERSONNEL COMP. FULL-TIME PERMANENT,1454,33733.17,33733.17,ok,segment
INTERN COMPENSATION - HYDE-SMITH,2025,SENATORS’ OFFICIAL PERSONNEL AND OFFICE EXPENSE ACCOUNT,1454,NET PAYROLL EXPENSES,1454,33733.17,33733.17,ok,block_running_total
SENATOR RON JOHNSON,2024,SENATORS’ OFFICIAL PERSONNEL AND OFFICE EXPENSE ACCOUNT,1459,TRAVEL AND TRANSPORTATION OF PERSONS,1459,36.88,36.88,ok,segment
SENATOR RON JOHNSON,2025,SENATORS’ OFFICIAL PERSONNEL AND OFFICE EXPENSE ACCOUNT,1461,PERSONNEL COMP. FULL-TIME PERMANENT,1462,2173319.79,2173319.79,ok,segment
SENATOR RON JOHNSON,2025,SENATORS’ OFFICIAL PERSONNEL AND OFFICE EXPENSE ACCOUNT,1461,PERSONNEL BENEFITS,1462,4816.0,0.0,no_records,segment
SENATOR RON JOHNSON,2025,SENATORS’ OFFICIAL PERSONNEL AND OFFICE EXPENSE ACCOUNT,1461,NET PAYROLL EXPENSES,1462,2178135.79,2173319.79,fail,block_running_total
SENATOR RON JOHNSON,2025,SENATORS’ OFFICIAL PERSONNEL AND OFFICE EXPENSE ACCOUNT,1461,TRAVEL AND TRANSPORTATION OF PERSONS,1474,56888.76,56888.76,ok,segment
SENATOR RON JOHNSON,2025,SENATORS’ OFFICIAL PERSONNEL AND OFFICE EXPENSE ACCOUNT,1461,OTHER CONTRACTUAL SERVICES,1474,6256.0,6256.0,ok,segment
SENATOR RON JOHNSON,2025,SENATORS’ OFFICIAL PERSONNEL AND OFFICE EXPENSE ACCOUNT,1461,ACQUISITION OF ASSETS,1474,5286.5,5286.5,ok,segment
INTERN COMPENSATION - JOHNSON,2025,SENATORS’ OFFICIAL PERSONNEL AND OFFICE EXPENSE ACCOUNT,1475,PERSONNEL COMP. FULL-TIME PERMANENT,1475,20006.86,20006.86,ok,segment
INTERN COMPENSATION - JOHNSON,2025,SENATORS’ OFFICIAL PERSONNEL AND OFFICE EXPENSE ACCOUNT,1475,NET PAYROLL EXPENSES,1475,20006.86,20006.86,ok,block_running_total
